
 input
[[23, 81, 21.47673705736542], [33, 60, -6.937097562438005], [12, 5, -13.640622325193206], [19, 78, -1.201369657496553], [15, 80, -9.756230374963895], [25, 35, 27.429309537182796], [5, 84, -1.5835172835773648], [31, 50, 10.732771807137624], [28, 56, 2.242393766940644], [30, 10, -1.5839748392005468], [6, 0, 30.0], [33, 13, 26.759000111621525], [6, 71, 27.840906508163663], [0, 0, 27.267185078104916], [24, 11, 24.51097086482097]]
 output
 [ 99.67551942 100.21506449  99.23013216 100.00718055 100.07356017
  98.53529282  99.99498133 100.3617201  100.01205174 100.02510701
 104.74427089 100.08830295 100.28847593 100.2386199   96.88008025]
最小値:96.88008025006218
入力値:[24, 11, 24.51097086482097]
経過時間:75.77471542358398sec
num_evaluation of BBF = 15.0
 input
[[23, 81, 21.47673705736542], [33, 60, -6.937097562438005], [12, 5, -13.640622325193206], [19, 78, -1.201369657496553], [15, 80, -9.756230374963895], [25, 35, 27.429309537182796], [5, 84, -1.5835172835773648], [31, 50, 10.732771807137624], [28, 56, 2.242393766940644], [30, 10, -1.5839748392005468], [6, 0, 30.0], [33, 13, 26.759000111621525], [6, 71, 27.840906508163663], [0, 0, 27.267185078104916], [24, 11, 24.51097086482097], [23, 0, 6.641070368035038], [30, 59, 23.911953550124174], [1, 11, -27.928028783794772], [18, 28, 24.891952386395694], [16, 37, -12.319040967045936], [19, 5, 24.189098121592053], [4, 0, 23.866796742679647], [19, 50, 23.96598699512554], [19, 3, 24.741493818583102], [19, 7, 21.30994871989126], [19, 2, 24.123192030334735], [18, 2, 25.97704050011152], [19, 50, -14.91955585649715], [29, 83, -16.17876709154627], [2, 65, 0.48139807546780133]]
 output
 [ 99.67551942 100.21506449  99.23013216 100.00718055 100.07356017
  98.53529282  99.99498133 100.3617201  100.01205174 100.02510701
 104.74427089 100.08830295 100.28847593 100.2386199   96.88008025
 103.44420398  99.77592888 100.54936897  98.98986434  99.80641744
  90.92646575 101.07457737 100.1987651   95.05841242 102.25181284
 102.83792036 112.88342488  99.16667852 100.02301858 100.00228844]
最小値:90.92646574646966
入力値:[19, 5, 24.189098121592053]
経過時間:76.79346871376038sec
num_evaluation of BBF = 30.0
 input
[[23, 81, 21.47673705736542], [33, 60, -6.937097562438005], [12, 5, -13.640622325193206], [19, 78, -1.201369657496553], [15, 80, -9.756230374963895], [25, 35, 27.429309537182796], [5, 84, -1.5835172835773648], [31, 50, 10.732771807137624], [28, 56, 2.242393766940644], [30, 10, -1.5839748392005468], [6, 0, 30.0], [33, 13, 26.759000111621525], [6, 71, 27.840906508163663], [0, 0, 27.267185078104916], [24, 11, 24.51097086482097], [23, 0, 6.641070368035038], [30, 59, 23.911953550124174], [1, 11, -27.928028783794772], [18, 28, 24.891952386395694], [16, 37, -12.319040967045936], [19, 5, 24.189098121592053], [4, 0, 23.866796742679647], [19, 50, 23.96598699512554], [19, 3, 24.741493818583102], [19, 7, 21.30994871989126], [19, 2, 24.123192030334735], [18, 2, 25.97704050011152], [19, 50, -14.91955585649715], [29, 83, -16.17876709154627], [2, 65, 0.48139807546780133], [8, 56, -3.3884451697298275], [19, 5, 23.812324963276886], [18, 56, 23.159067250147615], [33, 82, 24.72373616509485], [38, 10, -21.734292335041257], [11, 25, 24.413859094756553], [4, 44, 15.790658244733024], [30, 12, 23.0600138126386], [5, 84, 22.77158618312845], [38, 3, 28.4516929279034], [29, 28, 14.479136061426573], [25, 74, 17.100032556478617], [3, 46, 14.424965071603907], [15, 13, 12.893982694694564], [33, 3, -13.758335998875104], [38, 81, -24.787605749670536], [0, 64, -15.155192905825633], [3, 93, -18.70258945494437], [0, 18, 16.958482708797675], [3, 88, 18.103835531678826]]
 output
 [ 99.67551942 100.21506449  99.23013216 100.00718055 100.07356017
  98.53529282  99.99498133 100.3617201  100.01205174 100.02510701
 104.74427089 100.08830295 100.28847593 100.2386199   96.88008025
 103.44420398  99.77592888 100.54936897  98.98986434  99.80641744
  90.92646575 101.07457737 100.1987651   95.05841242 102.25181284
 102.83792036 112.88342488  99.16667852 100.02301858 100.00228844
 100.06825747  91.80384176  98.95729999  99.93269156 100.4097214
  98.45735864  98.93211749 100.44902118 100.02517306 100.96236072
  99.65271115 100.35351018  99.27867354 100.22135509 100.393137
  99.79014869  99.6878393   99.42636865  98.38522254 100.52426169]
最小値:90.92646574646966
入力値:[19, 5, 24.189098121592053]
経過時間:94.99648833274841sec
num_evaluation of BBF = 50.0
 input
[[23, 81, 21.47673705736542], [33, 60, -6.937097562438005], [12, 5, -13.640622325193206], [19, 78, -1.201369657496553], [15, 80, -9.756230374963895], [25, 35, 27.429309537182796], [5, 84, -1.5835172835773648], [31, 50, 10.732771807137624], [28, 56, 2.242393766940644], [30, 10, -1.5839748392005468], [6, 0, 30.0], [33, 13, 26.759000111621525], [6, 71, 27.840906508163663], [0, 0, 27.267185078104916], [24, 11, 24.51097086482097], [23, 0, 6.641070368035038], [30, 59, 23.911953550124174], [1, 11, -27.928028783794772], [18, 28, 24.891952386395694], [16, 37, -12.319040967045936], [19, 5, 24.189098121592053], [4, 0, 23.866796742679647], [19, 50, 23.96598699512554], [19, 3, 24.741493818583102], [19, 7, 21.30994871989126], [19, 2, 24.123192030334735], [18, 2, 25.97704050011152], [19, 50, -14.91955585649715], [29, 83, -16.17876709154627], [2, 65, 0.48139807546780133], [8, 56, -3.3884451697298275], [19, 5, 23.812324963276886], [18, 56, 23.159067250147615], [33, 82, 24.72373616509485], [38, 10, -21.734292335041257], [11, 25, 24.413859094756553], [4, 44, 15.790658244733024], [30, 12, 23.0600138126386], [5, 84, 22.77158618312845], [38, 3, 28.4516929279034], [29, 28, 14.479136061426573], [25, 74, 17.100032556478617], [3, 46, 14.424965071603907], [15, 13, 12.893982694694564], [33, 3, -13.758335998875104], [38, 81, -24.787605749670536], [0, 64, -15.155192905825633], [3, 93, -18.70258945494437], [0, 18, 16.958482708797675], [3, 88, 18.103835531678826], [0, 76, -17.143939373005736], [0, 22, -20.282080974931375], [13, 32, -20.177864051147345], [1, 49, -21.23193128320178], [24, 34, -18.97583630373052], [39, 19, -18.271300825429982], [20, 46, -29.98658625471388], [39, 53, -29.599690615613454], [33, 58, 4.0658176465028575], [29, 48, -28.670922599492084], [38, 0, -27.369415293142133], [4, 92, -5.134867948383807], [4, 79, 8.946527999493469], [1, 26, -29.96071182480912], [7, 33, -23.37802242314315], [0, 55, -8.3471262115369], [38, 45, -11.058261536917033], [13, 83, 7.378431090841659], [32, 11, -20.902626173880268], [25, 71, 5.468976960648298], [2, 73, -11.722439894105985], [32, 30, 26.998618296619043], [2, 93, -17.824733391015485], [30, 27, -29.32618054473635], [22, 38, 6.9074464538513], [1, 45, -21.560416872507975], [36, 65, -4.710143399233402], [18, 88, -9.311528905254516], [37, 8, 27.9877737037744], [22, 24, -28.927023434858], [12, 88, -2.5327427901133532], [25, 7, -7.982126157548045], [15, 40, -28.42372170143005], [1, 66, 7.354095665487812], [26, 36, 24.248522744739518], [31, 70, -10.971641446913072], [14, 90, 16.5346326586573], [32, 96, -5.169174946018963], [15, 27, -8.999445420561365], [3, 7, -10.195898042029167], [33, 87, 3.543654155117281], [1, 7, -26.330419509450813], [4, 80, 21.686889748240517], [19, 74, 23.53934136556785], [20, 66, -24.23379895224465], [26, 78, -29.362349616693194], [32, 13, 11.121923852473657], [30, 66, 12.429554025061329], [28, 63, -1.2960844090989525], [11, 32, 5.836833305310968]]
 output
 [ 99.67551942 100.21506449  99.23013216 100.00718055 100.07356017
  98.53529282  99.99498133 100.3617201  100.01205174 100.02510701
 104.74427089 100.08830295 100.28847593 100.2386199   96.88008025
 103.44420398  99.77592888 100.54936897  98.98986434  99.80641744
  90.92646575 101.07457737 100.1987651   95.05841242 102.25181284
 102.83792036 112.88342488  99.16667852 100.02301858 100.00228844
 100.06825747  91.80384176  98.95729999  99.93269156 100.4097214
  98.45735864  98.93211749 100.44902118 100.02517306 100.96236072
  99.65271115 100.35351018  99.27867354 100.22135509 100.393137
  99.79014869  99.6878393   99.42636865  98.38522254 100.52426169
  99.91127946  97.40017252  99.28933192 101.03837072  98.90033653
 100.66503192  99.00862045  98.48897358  99.98820267  99.18588175
 101.13691081  99.96507444 100.19729429  99.16108279  99.81044282
  99.7397666   98.63646852 100.00477289 100.77372706 100.07647739
  99.86741887  91.69405946  99.40049016  99.46520482 100.03954269
 100.61724305 100.02424703 100.09593752 101.88576082  97.60372396
 100.00319673  98.99279968  98.33002247 100.02668276  98.91465463
 100.53678478  99.93407212 100.00859462  99.82902267  99.95405581
  99.93417996  99.83639127 100.04014749 100.45484626 100.19442392
 100.33634498  99.39897319 100.19447167 100.00893776 100.0681655 ]
最小値:90.92646574646966
入力値:[19, 5, 24.189098121592053]
経過時間:246.6834361553192sec
num_evaluation of BBF = 100.0
 input
[[23, 81, 21.47673705736542], [33, 60, -6.937097562438005], [12, 5, -13.640622325193206], [19, 78, -1.201369657496553], [15, 80, -9.756230374963895], [25, 35, 27.429309537182796], [5, 84, -1.5835172835773648], [31, 50, 10.732771807137624], [28, 56, 2.242393766940644], [30, 10, -1.5839748392005468], [6, 0, 30.0], [33, 13, 26.759000111621525], [6, 71, 27.840906508163663], [0, 0, 27.267185078104916], [24, 11, 24.51097086482097], [23, 0, 6.641070368035038], [30, 59, 23.911953550124174], [1, 11, -27.928028783794772], [18, 28, 24.891952386395694], [16, 37, -12.319040967045936], [19, 5, 24.189098121592053], [4, 0, 23.866796742679647], [19, 50, 23.96598699512554], [19, 3, 24.741493818583102], [19, 7, 21.30994871989126], [19, 2, 24.123192030334735], [18, 2, 25.97704050011152], [19, 50, -14.91955585649715], [29, 83, -16.17876709154627], [2, 65, 0.48139807546780133], [8, 56, -3.3884451697298275], [19, 5, 23.812324963276886], [18, 56, 23.159067250147615], [33, 82, 24.72373616509485], [38, 10, -21.734292335041257], [11, 25, 24.413859094756553], [4, 44, 15.790658244733024], [30, 12, 23.0600138126386], [5, 84, 22.77158618312845], [38, 3, 28.4516929279034], [29, 28, 14.479136061426573], [25, 74, 17.100032556478617], [3, 46, 14.424965071603907], [15, 13, 12.893982694694564], [33, 3, -13.758335998875104], [38, 81, -24.787605749670536], [0, 64, -15.155192905825633], [3, 93, -18.70258945494437], [0, 18, 16.958482708797675], [3, 88, 18.103835531678826], [0, 76, -17.143939373005736], [0, 22, -20.282080974931375], [13, 32, -20.177864051147345], [1, 49, -21.23193128320178], [24, 34, -18.97583630373052], [39, 19, -18.271300825429982], [20, 46, -29.98658625471388], [39, 53, -29.599690615613454], [33, 58, 4.0658176465028575], [29, 48, -28.670922599492084], [38, 0, -27.369415293142133], [4, 92, -5.134867948383807], [4, 79, 8.946527999493469], [1, 26, -29.96071182480912], [7, 33, -23.37802242314315], [0, 55, -8.3471262115369], [38, 45, -11.058261536917033], [13, 83, 7.378431090841659], [32, 11, -20.902626173880268], [25, 71, 5.468976960648298], [2, 73, -11.722439894105985], [32, 30, 26.998618296619043], [2, 93, -17.824733391015485], [30, 27, -29.32618054473635], [22, 38, 6.9074464538513], [1, 45, -21.560416872507975], [36, 65, -4.710143399233402], [18, 88, -9.311528905254516], [37, 8, 27.9877737037744], [22, 24, -28.927023434858], [12, 88, -2.5327427901133532], [25, 7, -7.982126157548045], [15, 40, -28.42372170143005], [1, 66, 7.354095665487812], [26, 36, 24.248522744739518], [31, 70, -10.971641446913072], [14, 90, 16.5346326586573], [32, 96, -5.169174946018963], [15, 27, -8.999445420561365], [3, 7, -10.195898042029167], [33, 87, 3.543654155117281], [1, 7, -26.330419509450813], [4, 80, 21.686889748240517], [19, 74, 23.53934136556785], [20, 66, -24.23379895224465], [26, 78, -29.362349616693194], [32, 13, 11.121923852473657], [30, 66, 12.429554025061329], [28, 63, -1.2960844090989525], [11, 32, 5.836833305310968], [23, 37, 21.33269729069916], [34, 79, 18.70845305711265], [24, 81, -5.414466261072548], [22, 26, -15.425121313562379], [1, 66, -22.268163801978126], [6, 18, -0.6870996496152166], [29, 45, -15.694394594170278], [11, 55, -19.45127549911339], [28, 23, 11.399269100317], [21, 59, -27.11538040639556], [4, 74, -5.844757465971782], [2, 42, 18.31081796390683], [25, 56, 29.368947390051268], [26, 93, -28.403329612110646], [34, 96, -28.040723890246866], [36, 96, 27.279890690385088], [39, 96, 26.371298064414233], [1, 96, -25.76551937034376], [37, 96, 29.70057409239226], [2, 96, 25.558147115808282], [38, 35, 24.1562352740634], [39, 24, 29.715669964261608], [1, 30, -29.579941265950655], [38, 96, 27.789256849752334], [39, 38, 27.574762857674372], [38, 30, 23.77335448157166], [3, 4, 24.452085007620298], [0, 96, 26.67542131861059], [39, 40, -29.7797950927658], [0, 22, 29.94611311185335], [1, 96, 28.60276724193467], [1, 40, 29.433006005556464], [1, 40, 26.900960203751595], [0, 22, -29.288775329099888], [6, 96, -27.930079052175532], [38, 40, 26.051380302406848], [0, 39, 13.938280360667264], [39, 43, 26.621797276136533], [31, 5, 29.546400916923538], [36, 34, -28.636450603641684], [21, 46, 29.93596375821366], [22, 16, -29.964146142894364], [0, 21, 27.388209374416547], [7, 16, 27.840064130748637], [38, 96, -24.961616395966928], [3, 33, -29.41351696213936], [35, 30, -29.7176674506581], [38, 41, 29.932989575603997], [12, 42, -29.32931588369814], [20, 53, 26.648040203366826]]
 output
 [ 99.67551942 100.21506449  99.23013216 100.00718055 100.07356017
  98.53529282  99.99498133 100.3617201  100.01205174 100.02510701
 104.74427089 100.08830295 100.28847593 100.2386199   96.88008025
 103.44420398  99.77592888 100.54936897  98.98986434  99.80641744
  90.92646575 101.07457737 100.1987651   95.05841242 102.25181284
 102.83792036 112.88342488  99.16667852 100.02301858 100.00228844
 100.06825747  91.80384176  98.95729999  99.93269156 100.4097214
  98.45735864  98.93211749 100.44902118 100.02517306 100.96236072
  99.65271115 100.35351018  99.27867354 100.22135509 100.393137
  99.79014869  99.6878393   99.42636865  98.38522254 100.52426169
  99.91127946  97.40017252  99.28933192 101.03837072  98.90033653
 100.66503192  99.00862045  98.48897358  99.98820267  99.18588175
 101.13691081  99.96507444 100.19729429  99.16108279  99.81044282
  99.7397666   98.63646852 100.00477289 100.77372706 100.07647739
  99.86741887  91.69405946  99.40049016  99.46520482 100.03954269
 100.61724305 100.02424703 100.09593752 101.88576082  97.60372396
 100.00319673  98.99279968  98.33002247 100.02668276  98.91465463
 100.53678478  99.93407212 100.00859462  99.82902267  99.95405581
  99.93417996  99.83639127 100.04014749 100.45484626 100.19442392
 100.33634498  99.39897319 100.19447167 100.00893776 100.0681655
  99.36228352  99.65869091  99.98924763  99.59832713  99.34591911
 100.00566189  97.10902949  98.46993225  99.29990859  99.78166731
 100.13572493  99.4672277   99.90327852 100.53237586  99.94894496
 100.01346222 100.02645844 100.04962415 100.02128937 100.01356594
  99.42537562 100.47713458  93.98500224 100.02281702  95.16907799
 100.4973442  102.78679933 100.02382118 100.13236999  99.95727995
 100.01991896  94.82980166  95.31204142  98.17107395 100.12710175
  93.14375506  97.8141932   94.47260908 100.10774879 100.81300477
 100.45541062  94.76065647  99.06170945 103.61666539  99.98654232
  93.70445158 100.26926252  97.58214429 100.72967033  99.95225996]
最小値:90.92646574646966
入力値:[19, 5, 24.189098121592053]
経過時間:811.7806460857391sec
num_evaluation of BBF = 150.0
 input
[[23, 81, 21.47673705736542], [33, 60, -6.937097562438005], [12, 5, -13.640622325193206], [19, 78, -1.201369657496553], [15, 80, -9.756230374963895], [25, 35, 27.429309537182796], [5, 84, -1.5835172835773648], [31, 50, 10.732771807137624], [28, 56, 2.242393766940644], [30, 10, -1.5839748392005468], [6, 0, 30.0], [33, 13, 26.759000111621525], [6, 71, 27.840906508163663], [0, 0, 27.267185078104916], [24, 11, 24.51097086482097], [23, 0, 6.641070368035038], [30, 59, 23.911953550124174], [1, 11, -27.928028783794772], [18, 28, 24.891952386395694], [16, 37, -12.319040967045936], [19, 5, 24.189098121592053], [4, 0, 23.866796742679647], [19, 50, 23.96598699512554], [19, 3, 24.741493818583102], [19, 7, 21.30994871989126], [19, 2, 24.123192030334735], [18, 2, 25.97704050011152], [19, 50, -14.91955585649715], [29, 83, -16.17876709154627], [2, 65, 0.48139807546780133], [8, 56, -3.3884451697298275], [19, 5, 23.812324963276886], [18, 56, 23.159067250147615], [33, 82, 24.72373616509485], [38, 10, -21.734292335041257], [11, 25, 24.413859094756553], [4, 44, 15.790658244733024], [30, 12, 23.0600138126386], [5, 84, 22.77158618312845], [38, 3, 28.4516929279034], [29, 28, 14.479136061426573], [25, 74, 17.100032556478617], [3, 46, 14.424965071603907], [15, 13, 12.893982694694564], [33, 3, -13.758335998875104], [38, 81, -24.787605749670536], [0, 64, -15.155192905825633], [3, 93, -18.70258945494437], [0, 18, 16.958482708797675], [3, 88, 18.103835531678826], [0, 76, -17.143939373005736], [0, 22, -20.282080974931375], [13, 32, -20.177864051147345], [1, 49, -21.23193128320178], [24, 34, -18.97583630373052], [39, 19, -18.271300825429982], [20, 46, -29.98658625471388], [39, 53, -29.599690615613454], [33, 58, 4.0658176465028575], [29, 48, -28.670922599492084], [38, 0, -27.369415293142133], [4, 92, -5.134867948383807], [4, 79, 8.946527999493469], [1, 26, -29.96071182480912], [7, 33, -23.37802242314315], [0, 55, -8.3471262115369], [38, 45, -11.058261536917033], [13, 83, 7.378431090841659], [32, 11, -20.902626173880268], [25, 71, 5.468976960648298], [2, 73, -11.722439894105985], [32, 30, 26.998618296619043], [2, 93, -17.824733391015485], [30, 27, -29.32618054473635], [22, 38, 6.9074464538513], [1, 45, -21.560416872507975], [36, 65, -4.710143399233402], [18, 88, -9.311528905254516], [37, 8, 27.9877737037744], [22, 24, -28.927023434858], [12, 88, -2.5327427901133532], [25, 7, -7.982126157548045], [15, 40, -28.42372170143005], [1, 66, 7.354095665487812], [26, 36, 24.248522744739518], [31, 70, -10.971641446913072], [14, 90, 16.5346326586573], [32, 96, -5.169174946018963], [15, 27, -8.999445420561365], [3, 7, -10.195898042029167], [33, 87, 3.543654155117281], [1, 7, -26.330419509450813], [4, 80, 21.686889748240517], [19, 74, 23.53934136556785], [20, 66, -24.23379895224465], [26, 78, -29.362349616693194], [32, 13, 11.121923852473657], [30, 66, 12.429554025061329], [28, 63, -1.2960844090989525], [11, 32, 5.836833305310968], [23, 37, 21.33269729069916], [34, 79, 18.70845305711265], [24, 81, -5.414466261072548], [22, 26, -15.425121313562379], [1, 66, -22.268163801978126], [6, 18, -0.6870996496152166], [29, 45, -15.694394594170278], [11, 55, -19.45127549911339], [28, 23, 11.399269100317], [21, 59, -27.11538040639556], [4, 74, -5.844757465971782], [2, 42, 18.31081796390683], [25, 56, 29.368947390051268], [26, 93, -28.403329612110646], [34, 96, -28.040723890246866], [36, 96, 27.279890690385088], [39, 96, 26.371298064414233], [1, 96, -25.76551937034376], [37, 96, 29.70057409239226], [2, 96, 25.558147115808282], [38, 35, 24.1562352740634], [39, 24, 29.715669964261608], [1, 30, -29.579941265950655], [38, 96, 27.789256849752334], [39, 38, 27.574762857674372], [38, 30, 23.77335448157166], [3, 4, 24.452085007620298], [0, 96, 26.67542131861059], [39, 40, -29.7797950927658], [0, 22, 29.94611311185335], [1, 96, 28.60276724193467], [1, 40, 29.433006005556464], [1, 40, 26.900960203751595], [0, 22, -29.288775329099888], [6, 96, -27.930079052175532], [38, 40, 26.051380302406848], [0, 39, 13.938280360667264], [39, 43, 26.621797276136533], [31, 5, 29.546400916923538], [36, 34, -28.636450603641684], [21, 46, 29.93596375821366], [22, 16, -29.964146142894364], [0, 21, 27.388209374416547], [7, 16, 27.840064130748637], [38, 96, -24.961616395966928], [3, 33, -29.41351696213936], [35, 30, -29.7176674506581], [38, 41, 29.932989575603997], [12, 42, -29.32931588369814], [20, 53, 26.648040203366826], [26, 15, -29.581107054641866], [7, 0, -28.385672358368186], [12, 31, 29.92213981068074], [17, 19, -29.818206036783707], [31, 15, -29.78650282349497], [18, 46, 29.988854518337547], [29, 20, -29.886792231857587], [1, 21, -29.99711224981607], [21, 15, -29.999639209332905], [4, 0, -29.327453197275016], [24, 63, 29.956029415977937], [20, 0, -27.564132723849145], [38, 17, -29.873690763286717], [18, 1, -29.659259017874106], [13, 0, -29.590656901450394], [7, 96, -29.405762844604723], [30, 0, -29.244329782970823], [25, 69, -29.872667586136327], [25, 66, 29.87331940270211], [22, 59, -29.97093526961818], [36, 0, -29.895472894433322], [7, 50, 29.813911725164232], [24, 96, -29.740147371536796], [38, 53, 29.96008963408667], [37, 76, -29.90271421139538], [6, 29, 29.926562029629075], [3, 36, -29.959980583914046], [36, 35, -29.999723807709074], [38, 96, 29.22295100984408], [37, 96, -29.296232464345525], [32, 0, -29.259100055770542], [22, 30, 29.99576557272927], [21, 45, -29.962076715089186], [6, 96, 29.281232259669906], [27, 25, -29.77751270007568], [28, 46, 29.95692781333866], [19, 25, 29.84188828205812], [38, 96, -29.41429739341891], [36, 54, -29.997260670148506], [30, 35, -29.86969284897123], [3, 63, 29.939114853578353], [14, 0, -29.79083730175955], [12, 26, 29.94813905337005], [1, 96, 29.695687876442626], [10, 24, -29.86967207762392], [36, 49, 29.96008486792536], [8, 40, -29.90694691858073], [35, 41, -29.82716570173853], [34, 21, 29.72027771655241], [30, 96, -28.568630594727832]]
 output
 [ 99.67551942 100.21506449  99.23013216 100.00718055 100.07356017
  98.53529282  99.99498133 100.3617201  100.01205174 100.02510701
 104.74427089 100.08830295 100.28847593 100.2386199   96.88008025
 103.44420398  99.77592888 100.54936897  98.98986434  99.80641744
  90.92646575 101.07457737 100.1987651   95.05841242 102.25181284
 102.83792036 112.88342488  99.16667852 100.02301858 100.00228844
 100.06825747  91.80384176  98.95729999  99.93269156 100.4097214
  98.45735864  98.93211749 100.44902118 100.02517306 100.96236072
  99.65271115 100.35351018  99.27867354 100.22135509 100.393137
  99.79014869  99.6878393   99.42636865  98.38522254 100.52426169
  99.91127946  97.40017252  99.28933192 101.03837072  98.90033653
 100.66503192  99.00862045  98.48897358  99.98820267  99.18588175
 101.13691081  99.96507444 100.19729429  99.16108279  99.81044282
  99.7397666   98.63646852 100.00477289 100.77372706 100.07647739
  99.86741887  91.69405946  99.40049016  99.46520482 100.03954269
 100.61724305 100.02424703 100.09593752 101.88576082  97.60372396
 100.00319673  98.99279968  98.33002247 100.02668276  98.91465463
 100.53678478  99.93407212 100.00859462  99.82902267  99.95405581
  99.93417996  99.83639127 100.04014749 100.45484626 100.19442392
 100.33634498  99.39897319 100.19447167 100.00893776 100.0681655
  99.36228352  99.65869091  99.98924763  99.59832713  99.34591911
 100.00566189  97.10902949  98.46993225  99.29990859  99.78166731
 100.13572493  99.4672277   99.90327852 100.53237586  99.94894496
 100.01346222 100.02645844 100.04962415 100.02128937 100.01356594
  99.42537562 100.47713458  93.98500224 100.02281702  95.16907799
 100.4973442  102.78679933 100.02382118 100.13236999  99.95727995
 100.01991896  94.82980166  95.31204142  98.17107395 100.12710175
  93.14375506  97.8141932   94.47260908 100.10774879 100.81300477
 100.45541062  94.76065647  99.06170945 103.61666539  99.98654232
  93.70445158 100.26926252  97.58214429 100.72967033  99.95225996
  92.03906256 100.86759171  98.88132763 100.47357634  95.10923275
 100.32198977  89.74898731  98.20603881 100.36329458  99.05168041
 100.35470946  90.05571906  99.10148712  99.90048056 102.0985501
 100.14665314  99.29255595 100.18489523 100.01745519  98.86665625
 100.25533018  94.20592992  99.92881816  99.81559116 100.18286987
  98.39013684  94.43941782  99.22677987 100.02428862  99.96548222
 100.76382641  98.96374022  99.4288288  100.00435264  98.70108587
 100.25417949  96.63531742  99.97908233  99.54609349 100.22132853
  98.27292287 101.76122131 100.96751026 100.02056925  99.05593843
 100.39963913  93.15650339 100.23778479  98.05370172  99.94081367]
最小値:89.74898730991326
入力値:[29, 20, -29.886792231857587]
経過時間:295.22604537010193sec
num_evaluation of BBF = 200.0
 input
[[39, 90, -22.312533124238595], [39, 23, -6.2051563622384265], [15, 64, 26.132344248361925], [33, 30, 1.4728895743722887], [17, 22, 2.0648345368210244], [36, 44, -4.1580859689174865], [37, 75, 12.958230958101865], [31, 9, 1.0891529365133472], [34, 80, 19.77620156365103], [11, 6, 10.231682404136734], [12, 55, 27.455641988074483], [9, 73, 25.62035234838197], [37, 92, -10.847171847507553], [37, 33, 30.0], [38, 78, -2.4813044298331732]]
 output
 [ 99.17795342  99.29378656  99.06729929  99.98525662  99.99735906
 100.26526216  99.13163649 100.02079462  99.8110226   99.53788132
  99.97872858 100.64454069  99.57014464 100.2735744   99.94839204]
最小値:99.06729929492973
入力値:[15, 64, 26.132344248361925]
経過時間:69.12723636627197sec
num_evaluation of BBF = 15.0
 input
[[39, 90, -22.312533124238595], [39, 23, -6.2051563622384265], [15, 64, 26.132344248361925], [33, 30, 1.4728895743722887], [17, 22, 2.0648345368210244], [36, 44, -4.1580859689174865], [37, 75, 12.958230958101865], [31, 9, 1.0891529365133472], [34, 80, 19.77620156365103], [11, 6, 10.231682404136734], [12, 55, 27.455641988074483], [9, 73, 25.62035234838197], [37, 92, -10.847171847507553], [37, 33, 30.0], [38, 78, -2.4813044298331732], [18, 64, 5.2499643791233765], [37, 75, 9.185226054880687], [37, 75, 12.658849995493163], [37, 75, 14.282394425362348], [16, 61, 25.899008402673864], [15, 60, 26.20622691831079], [34, 94, -19.59118529181343], [37, 74, 13.270162099334136], [37, 75, 13.197772024746648], [16, 63, 26.01430281279805], [37, 75, 13.349861012484958], [15, 65, 26.14183345419], [15, 64, 26.07762706625165], [15, 64, 26.084542531916917], [15, 64, 26.092222907680785]]
 output
 [ 99.17795342  99.29378656  99.06729929  99.98525662  99.99735906
 100.26526216  99.13163649 100.02079462  99.8110226   99.53788132
  99.97872858 100.64454069  99.57014464 100.2735744   99.94839204
 100.07327664  99.98060495  99.2183499   99.36192278  99.75059154
 100.4739482  100.24517121  99.1045405   99.07236976 100.60707171
  99.04762617  99.12307683  99.0672414   99.06705109  99.06685146]
最小値:99.04762617394421
入力値:[37, 75, 13.349861012484958]
経過時間:72.80792284011841sec
num_evaluation of BBF = 30.0
 input
[[39, 90, -22.312533124238595], [39, 23, -6.2051563622384265], [15, 64, 26.132344248361925], [33, 30, 1.4728895743722887], [17, 22, 2.0648345368210244], [36, 44, -4.1580859689174865], [37, 75, 12.958230958101865], [31, 9, 1.0891529365133472], [34, 80, 19.77620156365103], [11, 6, 10.231682404136734], [12, 55, 27.455641988074483], [9, 73, 25.62035234838197], [37, 92, -10.847171847507553], [37, 33, 30.0], [38, 78, -2.4813044298331732], [18, 64, 5.2499643791233765], [37, 75, 9.185226054880687], [37, 75, 12.658849995493163], [37, 75, 14.282394425362348], [16, 61, 25.899008402673864], [15, 60, 26.20622691831079], [34, 94, -19.59118529181343], [37, 74, 13.270162099334136], [37, 75, 13.197772024746648], [16, 63, 26.01430281279805], [37, 75, 13.349861012484958], [15, 65, 26.14183345419], [15, 64, 26.07762706625165], [15, 64, 26.084542531916917], [15, 64, 26.092222907680785], [39, 90, -20.558008920926106], [15, 64, 26.087158742423654], [15, 64, 26.084273064588444], [15, 64, 26.082952073049007], [39, 88, -21.780186330854413], [13, 64, 26.073324997116288], [15, 64, 26.083490261928773], [15, 64, 26.082344859605946], [15, 64, 26.08161728249435], [21, 65, 26.968661438932862], [15, 64, 26.080882547589063], [15, 64, 26.08057257067842], [15, 64, 26.080176622839097], [15, 64, 26.07979394056001], [15, 64, 26.079446162127333], [39, 92, -21.888440762854536], [15, 64, 26.075562786148367], [39, 20, -5.418250131494503], [15, 64, 26.08225454513562], [15, 64, 26.08057798758589]]
 output
 [ 99.17795342  99.29378656  99.06729929  99.98525662  99.99735906
 100.26526216  99.13163649 100.02079462  99.8110226   99.53788132
  99.97872858 100.64454069  99.57014464 100.2735744   99.94839204
 100.07327664  99.98060495  99.2183499   99.36192278  99.75059154
 100.4739482  100.24517121  99.1045405   99.07236976 100.60707171
  99.04762617  99.12307683  99.0672414   99.06705109  99.06685146
  99.23995101  99.06698008  99.06705781  99.06709587  99.6092707
 100.57260312  99.06708155  99.06711179  99.0671321  100.78643151
  99.06715303  99.06716078  99.06717143  99.0671823   99.06719122
  99.29041331  99.06724563 100.2807207   99.06711462  99.06716013]
最小値:99.04762617394421
入力値:[37, 75, 13.349861012484958]
経過時間:101.2486481666565sec
num_evaluation of BBF = 50.0
 input
[[39, 90, -22.312533124238595], [39, 23, -6.2051563622384265], [15, 64, 26.132344248361925], [33, 30, 1.4728895743722887], [17, 22, 2.0648345368210244], [36, 44, -4.1580859689174865], [37, 75, 12.958230958101865], [31, 9, 1.0891529365133472], [34, 80, 19.77620156365103], [11, 6, 10.231682404136734], [12, 55, 27.455641988074483], [9, 73, 25.62035234838197], [37, 92, -10.847171847507553], [37, 33, 30.0], [38, 78, -2.4813044298331732], [18, 64, 5.2499643791233765], [37, 75, 9.185226054880687], [37, 75, 12.658849995493163], [37, 75, 14.282394425362348], [16, 61, 25.899008402673864], [15, 60, 26.20622691831079], [34, 94, -19.59118529181343], [37, 74, 13.270162099334136], [37, 75, 13.197772024746648], [16, 63, 26.01430281279805], [37, 75, 13.349861012484958], [15, 65, 26.14183345419], [15, 64, 26.07762706625165], [15, 64, 26.084542531916917], [15, 64, 26.092222907680785], [39, 90, -20.558008920926106], [15, 64, 26.087158742423654], [15, 64, 26.084273064588444], [15, 64, 26.082952073049007], [39, 88, -21.780186330854413], [13, 64, 26.073324997116288], [15, 64, 26.083490261928773], [15, 64, 26.082344859605946], [15, 64, 26.08161728249435], [21, 65, 26.968661438932862], [15, 64, 26.080882547589063], [15, 64, 26.08057257067842], [15, 64, 26.080176622839097], [15, 64, 26.07979394056001], [15, 64, 26.079446162127333], [39, 92, -21.888440762854536], [15, 64, 26.075562786148367], [39, 20, -5.418250131494503], [15, 64, 26.08225454513562], [15, 64, 26.08057798758589], [39, 91, -21.98278092378101], [39, 26, -6.9093397800813285], [0, 65, 25.804657079207786], [36, 65, 25.723454434168126], [39, 65, 25.465115051056074], [12, 90, -21.415474881950992], [37, 91, -22.811866431246816], [12, 76, 13.33112906278437], [14, 74, 12.48843514829641], [15, 47, 25.598026597488257], [36, 27, 25.46058085431831], [36, 92, 26.121342145008114], [18, 74, 13.992964533851925], [0, 1, 26.454949839677738], [31, 66, 25.84138543638508], [0, 79, 25.136996531783716], [36, 65, 25.859635256532542], [34, 90, -19.62016557788148], [36, 65, 26.21287729317931], [36, 64, 26.610102047354985], [36, 66, 26.617846922018025], [36, 66, 26.753769840456684], [36, 67, 26.77967040242516], [36, 66, 26.786848621827907], [36, 66, 27.015004456934108], [36, 66, 26.923257343752702], [36, 66, 26.950249356649536], [36, 66, 26.962148796937967], [36, 66, 26.96752276656047], [36, 66, 26.9730360641328], [36, 66, 26.978830532064926], [36, 66, 26.98511683736914], [36, 66, 26.992195595681963], [36, 66, 27.000680607924096], [36, 66, 27.011107647266755], [36, 66, 27.024641782162533], [36, 66, 27.04436519126908], [36, 66, 27.12445266208651], [36, 66, 27.23089243900349], [36, 66, 27.331655601963163], [36, 66, 26.933776802714142], [36, 66, 26.934756739039173], [36, 66, 26.935784560553905], [36, 66, 26.936861655416926], [36, 66, 26.937994235649953], [36, 66, 26.939179510969723], [36, 66, 26.940431704560524], [36, 66, 26.94175113459265], [36, 66, 26.94311919311479], [36, 66, 26.944568079625057]]
 output
 [ 99.17795342  99.29378656  99.06729929  99.98525662  99.99735906
 100.26526216  99.13163649 100.02079462  99.8110226   99.53788132
  99.97872858 100.64454069  99.57014464 100.2735744   99.94839204
 100.07327664  99.98060495  99.2183499   99.36192278  99.75059154
 100.4739482  100.24517121  99.1045405   99.07236976 100.60707171
  99.04762617  99.12307683  99.0672414   99.06705109  99.06685146
  99.23995101  99.06698008  99.06705781  99.06709587  99.6092707
 100.57260312  99.06708155  99.06711179  99.0671321  100.78643151
  99.06715303  99.06716078  99.06717143  99.0671823   99.06719122
  99.29041331  99.06724563 100.2807207   99.06711462  99.06716013
  99.08611314  99.93095893  98.90785941  98.31739936  99.89641424
 100.07577634  99.39316138 100.02941482 100.17001371  99.77361789
  99.58079095 100.88194114 100.08373959 100.23274905 100.17509744
 100.02953755  98.29677416  99.92856556  98.24925574  98.48013441
  97.99938838  97.99446101  98.16372421  97.9881226   97.98827426
  97.98855164  97.98864807  97.98821109  97.98822436  97.98823864
  97.98824218  97.98824352  97.98823371  97.98824583  97.98826584
  97.98826549  97.98718339  97.98794771  97.98836714  98.00051423
  97.9885715   97.98857819  97.98858442  97.98859424  97.98859644
  97.98860299  97.98860972  97.98861804  97.98862304  97.9886275 ]
最小値:97.98718339034527
入力値:[36, 66, 27.04436519126908]
経過時間:262.28734612464905sec
num_evaluation of BBF = 100.0
 input
[[39, 90, -22.312533124238595], [39, 23, -6.2051563622384265], [15, 64, 26.132344248361925], [33, 30, 1.4728895743722887], [17, 22, 2.0648345368210244], [36, 44, -4.1580859689174865], [37, 75, 12.958230958101865], [31, 9, 1.0891529365133472], [34, 80, 19.77620156365103], [11, 6, 10.231682404136734], [12, 55, 27.455641988074483], [9, 73, 25.62035234838197], [37, 92, -10.847171847507553], [37, 33, 30.0], [38, 78, -2.4813044298331732], [18, 64, 5.2499643791233765], [37, 75, 9.185226054880687], [37, 75, 12.658849995493163], [37, 75, 14.282394425362348], [16, 61, 25.899008402673864], [15, 60, 26.20622691831079], [34, 94, -19.59118529181343], [37, 74, 13.270162099334136], [37, 75, 13.197772024746648], [16, 63, 26.01430281279805], [37, 75, 13.349861012484958], [15, 65, 26.14183345419], [15, 64, 26.07762706625165], [15, 64, 26.084542531916917], [15, 64, 26.092222907680785], [39, 90, -20.558008920926106], [15, 64, 26.087158742423654], [15, 64, 26.084273064588444], [15, 64, 26.082952073049007], [39, 88, -21.780186330854413], [13, 64, 26.073324997116288], [15, 64, 26.083490261928773], [15, 64, 26.082344859605946], [15, 64, 26.08161728249435], [21, 65, 26.968661438932862], [15, 64, 26.080882547589063], [15, 64, 26.08057257067842], [15, 64, 26.080176622839097], [15, 64, 26.07979394056001], [15, 64, 26.079446162127333], [39, 92, -21.888440762854536], [15, 64, 26.075562786148367], [39, 20, -5.418250131494503], [15, 64, 26.08225454513562], [15, 64, 26.08057798758589], [39, 91, -21.98278092378101], [39, 26, -6.9093397800813285], [0, 65, 25.804657079207786], [36, 65, 25.723454434168126], [39, 65, 25.465115051056074], [12, 90, -21.415474881950992], [37, 91, -22.811866431246816], [12, 76, 13.33112906278437], [14, 74, 12.48843514829641], [15, 47, 25.598026597488257], [36, 27, 25.46058085431831], [36, 92, 26.121342145008114], [18, 74, 13.992964533851925], [0, 1, 26.454949839677738], [31, 66, 25.84138543638508], [0, 79, 25.136996531783716], [36, 65, 25.859635256532542], [34, 90, -19.62016557788148], [36, 65, 26.21287729317931], [36, 64, 26.610102047354985], [36, 66, 26.617846922018025], [36, 66, 26.753769840456684], [36, 67, 26.77967040242516], [36, 66, 26.786848621827907], [36, 66, 27.015004456934108], [36, 66, 26.923257343752702], [36, 66, 26.950249356649536], [36, 66, 26.962148796937967], [36, 66, 26.96752276656047], [36, 66, 26.9730360641328], [36, 66, 26.978830532064926], [36, 66, 26.98511683736914], [36, 66, 26.992195595681963], [36, 66, 27.000680607924096], [36, 66, 27.011107647266755], [36, 66, 27.024641782162533], [36, 66, 27.04436519126908], [36, 66, 27.12445266208651], [36, 66, 27.23089243900349], [36, 66, 27.331655601963163], [36, 66, 26.933776802714142], [36, 66, 26.934756739039173], [36, 66, 26.935784560553905], [36, 66, 26.936861655416926], [36, 66, 26.937994235649953], [36, 66, 26.939179510969723], [36, 66, 26.940431704560524], [36, 66, 26.94175113459265], [36, 66, 26.94311919311479], [36, 66, 26.944568079625057], [36, 66, 26.94610165431564], [36, 66, 26.947711449740282], [36, 66, 26.949396473150486], [36, 66, 26.951214168223146], [36, 66, 26.95311780169454], [36, 66, 26.95512364126136], [36, 66, 26.957299501134926], [36, 66, 26.959579242566754], [36, 66, 26.96206296998043], [36, 66, 26.96492160350219], [36, 66, 26.96789580625621], [36, 66, 26.97098615269111], [36, 66, 26.974230801640616], [36, 66, 26.977665820277807], [35, 66, 26.98131828553246], [36, 66, 26.99838242015477], [36, 66, 27.004032631661516], [36, 66, 27.010242838056833], [36, 66, 27.017042119722234], [36, 66, 27.024589875129344], [37, 66, 27.032758339446616], [0, 50, 27.331534410385792], [0, 23, -29.91563952795281], [0, 24, -30.0], [0, 25, -30.0], [28, 60, -25.46359929217374], [1, 79, -28.957177931653966], [37, 30, 22.30218855808149], [9, 41, -27.37577931311923], [16, 34, 18.719244252437136], [24, 95, 23.36259388964457], [38, 47, -27.75057924190281], [7, 18, 28.141882962933693], [38, 68, -9.083945927804653], [17, 1, -15.50749328786048], [38, 50, -17.309644419035614], [11, 83, 19.278841197049253], [37, 39, 3.5723719041373556], [3, 85, -19.111715524555724], [32, 92, -10.9114861146283], [9, 24, 4.279995326053843], [15, 1, -16.577228400880422], [7, 44, -11.43927399111238], [36, 17, -10.22899204127669], [14, 20, 6.334930389641414], [33, 87, -19.280495870051546], [7, 15, 16.14347115513123], [1, 65, 14.844690325723192], [38, 10, -28.096793646606372], [27, 46, 4.266836995779826]]
 output
 [ 99.17795342  99.29378656  99.06729929  99.98525662  99.99735906
 100.26526216  99.13163649 100.02079462  99.8110226   99.53788132
  99.97872858 100.64454069  99.57014464 100.2735744   99.94839204
 100.07327664  99.98060495  99.2183499   99.36192278  99.75059154
 100.4739482  100.24517121  99.1045405   99.07236976 100.60707171
  99.04762617  99.12307683  99.0672414   99.06705109  99.06685146
  99.23995101  99.06698008  99.06705781  99.06709587  99.6092707
 100.57260312  99.06708155  99.06711179  99.0671321  100.78643151
  99.06715303  99.06716078  99.06717143  99.0671823   99.06719122
  99.29041331  99.06724563 100.2807207   99.06711462  99.06716013
  99.08611314  99.93095893  98.90785941  98.31739936  99.89641424
 100.07577634  99.39316138 100.02941482 100.17001371  99.77361789
  99.58079095 100.88194114 100.08373959 100.23274905 100.17509744
 100.02953755  98.29677416  99.92856556  98.24925574  98.48013441
  97.99938838  97.99446101  98.16372421  97.9881226   97.98827426
  97.98855164  97.98864807  97.98821109  97.98822436  97.98823864
  97.98824218  97.98824352  97.98823371  97.98824583  97.98826584
  97.98826549  97.98718339  97.98794771  97.98836714  98.00051423
  97.9885715   97.98857819  97.98858442  97.98859424  97.98859644
  97.98860299  97.98860972  97.98861804  97.98862304  97.9886275
  97.98863171  97.98863659  97.9886444   97.98865104  97.98865367
  97.98865979  97.98866763  97.98867641  97.98821072  97.98821754
  97.98822575  97.98823386  97.98823262  97.9882408   99.2359135
  97.98824111  97.98825337  97.98826483  97.98827686  97.98826559
  98.4673027  101.55378798  94.35135727  91.52761706  92.21147665
  99.89825551  99.57037054  99.7756277   97.17440577  99.47842957
 100.15268399  98.74428339 104.98765207 100.15861642  95.21757637
  99.98637228 100.04774266  99.82639213  99.79603272 100.17765923
  99.8648997   98.55667251  97.29694163 100.05434841 100.24891861
  99.93713819  99.40818767  99.96975644 100.71274719  99.9317477 ]
最小値:91.52761705635913
入力値:[0, 24, -30.0]
経過時間:292.9071102142334sec
num_evaluation of BBF = 150.0
 input
[[39, 90, -22.312533124238595], [39, 23, -6.2051563622384265], [15, 64, 26.132344248361925], [33, 30, 1.4728895743722887], [17, 22, 2.0648345368210244], [36, 44, -4.1580859689174865], [37, 75, 12.958230958101865], [31, 9, 1.0891529365133472], [34, 80, 19.77620156365103], [11, 6, 10.231682404136734], [12, 55, 27.455641988074483], [9, 73, 25.62035234838197], [37, 92, -10.847171847507553], [37, 33, 30.0], [38, 78, -2.4813044298331732], [18, 64, 5.2499643791233765], [37, 75, 9.185226054880687], [37, 75, 12.658849995493163], [37, 75, 14.282394425362348], [16, 61, 25.899008402673864], [15, 60, 26.20622691831079], [34, 94, -19.59118529181343], [37, 74, 13.270162099334136], [37, 75, 13.197772024746648], [16, 63, 26.01430281279805], [37, 75, 13.349861012484958], [15, 65, 26.14183345419], [15, 64, 26.07762706625165], [15, 64, 26.084542531916917], [15, 64, 26.092222907680785], [39, 90, -20.558008920926106], [15, 64, 26.087158742423654], [15, 64, 26.084273064588444], [15, 64, 26.082952073049007], [39, 88, -21.780186330854413], [13, 64, 26.073324997116288], [15, 64, 26.083490261928773], [15, 64, 26.082344859605946], [15, 64, 26.08161728249435], [21, 65, 26.968661438932862], [15, 64, 26.080882547589063], [15, 64, 26.08057257067842], [15, 64, 26.080176622839097], [15, 64, 26.07979394056001], [15, 64, 26.079446162127333], [39, 92, -21.888440762854536], [15, 64, 26.075562786148367], [39, 20, -5.418250131494503], [15, 64, 26.08225454513562], [15, 64, 26.08057798758589], [39, 91, -21.98278092378101], [39, 26, -6.9093397800813285], [0, 65, 25.804657079207786], [36, 65, 25.723454434168126], [39, 65, 25.465115051056074], [12, 90, -21.415474881950992], [37, 91, -22.811866431246816], [12, 76, 13.33112906278437], [14, 74, 12.48843514829641], [15, 47, 25.598026597488257], [36, 27, 25.46058085431831], [36, 92, 26.121342145008114], [18, 74, 13.992964533851925], [0, 1, 26.454949839677738], [31, 66, 25.84138543638508], [0, 79, 25.136996531783716], [36, 65, 25.859635256532542], [34, 90, -19.62016557788148], [36, 65, 26.21287729317931], [36, 64, 26.610102047354985], [36, 66, 26.617846922018025], [36, 66, 26.753769840456684], [36, 67, 26.77967040242516], [36, 66, 26.786848621827907], [36, 66, 27.015004456934108], [36, 66, 26.923257343752702], [36, 66, 26.950249356649536], [36, 66, 26.962148796937967], [36, 66, 26.96752276656047], [36, 66, 26.9730360641328], [36, 66, 26.978830532064926], [36, 66, 26.98511683736914], [36, 66, 26.992195595681963], [36, 66, 27.000680607924096], [36, 66, 27.011107647266755], [36, 66, 27.024641782162533], [36, 66, 27.04436519126908], [36, 66, 27.12445266208651], [36, 66, 27.23089243900349], [36, 66, 27.331655601963163], [36, 66, 26.933776802714142], [36, 66, 26.934756739039173], [36, 66, 26.935784560553905], [36, 66, 26.936861655416926], [36, 66, 26.937994235649953], [36, 66, 26.939179510969723], [36, 66, 26.940431704560524], [36, 66, 26.94175113459265], [36, 66, 26.94311919311479], [36, 66, 26.944568079625057], [36, 66, 26.94610165431564], [36, 66, 26.947711449740282], [36, 66, 26.949396473150486], [36, 66, 26.951214168223146], [36, 66, 26.95311780169454], [36, 66, 26.95512364126136], [36, 66, 26.957299501134926], [36, 66, 26.959579242566754], [36, 66, 26.96206296998043], [36, 66, 26.96492160350219], [36, 66, 26.96789580625621], [36, 66, 26.97098615269111], [36, 66, 26.974230801640616], [36, 66, 26.977665820277807], [35, 66, 26.98131828553246], [36, 66, 26.99838242015477], [36, 66, 27.004032631661516], [36, 66, 27.010242838056833], [36, 66, 27.017042119722234], [36, 66, 27.024589875129344], [37, 66, 27.032758339446616], [0, 50, 27.331534410385792], [0, 23, -29.91563952795281], [0, 24, -30.0], [0, 25, -30.0], [28, 60, -25.46359929217374], [1, 79, -28.957177931653966], [37, 30, 22.30218855808149], [9, 41, -27.37577931311923], [16, 34, 18.719244252437136], [24, 95, 23.36259388964457], [38, 47, -27.75057924190281], [7, 18, 28.141882962933693], [38, 68, -9.083945927804653], [17, 1, -15.50749328786048], [38, 50, -17.309644419035614], [11, 83, 19.278841197049253], [37, 39, 3.5723719041373556], [3, 85, -19.111715524555724], [32, 92, -10.9114861146283], [9, 24, 4.279995326053843], [15, 1, -16.577228400880422], [7, 44, -11.43927399111238], [36, 17, -10.22899204127669], [14, 20, 6.334930389641414], [33, 87, -19.280495870051546], [7, 15, 16.14347115513123], [1, 65, 14.844690325723192], [38, 10, -28.096793646606372], [27, 46, 4.266836995779826], [36, 38, 5.944057757120277], [31, 17, -10.728366972655852], [26, 61, 14.722970579800595], [28, 43, 26.187928578224152], [28, 43, 8.979162834955517], [11, 30, 20.18913122898585], [4, 7, 25.40512232495746], [3, 28, -7.990900796724674], [19, 1, -14.753300241249413], [18, 4, 4.6262191809694855], [6, 74, 24.68620358254887], [3, 80, -12.087104303583907], [31, 49, 3.060885922738237], [21, 63, 13.089850158578827], [1, 9, -16.896320304886487], [10, 66, 2.445223106710813], [34, 53, 14.754663204130175], [36, 81, -0.5344741645632496], [31, 66, 12.448885001893977], [12, 93, 6.199994134977729], [34, 23, 6.195932030575229], [35, 91, -9.706703976422848], [36, 41, -1.8533632662215247], [17, 91, -1.5415234649884795], [12, 56, 25.08251634681789], [23, 42, 12.231836422349751], [1, 8, 10.312164435522675], [12, 40, 3.7702689416795536], [19, 13, 22.21717206904261], [36, 72, -5.848184003640334], [0, 73, 23.565381696577994], [10, 9, -18.239455872082985], [35, 10, 29.44861194278858], [21, 22, -29.606644879167575], [26, 76, -27.17717169916054], [24, 76, -1.4739898094228963], [4, 21, -3.267186091614704], [10, 52, -29.07722164514971], [15, 0, 22.824752927495112], [2, 49, 3.34075810424644], [33, 28, -10.034397032105563], [17, 2, -10.449340705454091], [24, 18, 21.22237569946899], [24, 52, 19.19853319168969], [14, 83, 24.860665453817084], [39, 74, 27.10099060690277], [28, 94, 29.883836058000362], [26, 75, -23.17803990003003], [11, 61, 19.792622275335326], [24, 84, 2.5504114277063934]]
 output
 [ 99.17795342  99.29378656  99.06729929  99.98525662  99.99735906
 100.26526216  99.13163649 100.02079462  99.8110226   99.53788132
  99.97872858 100.64454069  99.57014464 100.2735744   99.94839204
 100.07327664  99.98060495  99.2183499   99.36192278  99.75059154
 100.4739482  100.24517121  99.1045405   99.07236976 100.60707171
  99.04762617  99.12307683  99.0672414   99.06705109  99.06685146
  99.23995101  99.06698008  99.06705781  99.06709587  99.6092707
 100.57260312  99.06708155  99.06711179  99.0671321  100.78643151
  99.06715303  99.06716078  99.06717143  99.0671823   99.06719122
  99.29041331  99.06724563 100.2807207   99.06711462  99.06716013
  99.08611314  99.93095893  98.90785941  98.31739936  99.89641424
 100.07577634  99.39316138 100.02941482 100.17001371  99.77361789
  99.58079095 100.88194114 100.08373959 100.23274905 100.17509744
 100.02953755  98.29677416  99.92856556  98.24925574  98.48013441
  97.99938838  97.99446101  98.16372421  97.9881226   97.98827426
  97.98855164  97.98864807  97.98821109  97.98822436  97.98823864
  97.98824218  97.98824352  97.98823371  97.98824583  97.98826584
  97.98826549  97.98718339  97.98794771  97.98836714  98.00051423
  97.9885715   97.98857819  97.98858442  97.98859424  97.98859644
  97.98860299  97.98860972  97.98861804  97.98862304  97.9886275
  97.98863171  97.98863659  97.9886444   97.98865104  97.98865367
  97.98865979  97.98866763  97.98867641  97.98821072  97.98821754
  97.98822575  97.98823386  97.98823262  97.9882408   99.2359135
  97.98824111  97.98825337  97.98826483  97.98827686  97.98826559
  98.4673027  101.55378798  94.35135727  91.52761706  92.21147665
  99.89825551  99.57037054  99.7756277   97.17440577  99.47842957
 100.15268399  98.74428339 104.98765207 100.15861642  95.21757637
  99.98637228 100.04774266  99.82639213  99.79603272 100.17765923
  99.8648997   98.55667251  97.29694163 100.05434841 100.24891861
  99.93713819  99.40818767  99.96975644 100.71274719  99.9317477
 100.02074021  97.05732564  99.88278256  95.62427512  99.84293656
 100.73779024 102.9795133   99.56754     97.90576733  97.227486
 100.53113079  99.86318458 100.10197747  99.62135716  99.92061776
 100.02323654  99.8086623  100.00418862  99.95818291  99.92327572
  99.59004852  99.71837136  99.90000293 100.01766769 100.52730559
  99.80192585 100.46350961  99.94301725  95.65361125  99.75549874
  99.63317674  98.62355748 100.0396371   96.9968456   99.92436253
  99.9959252  100.25679137 100.6343868  111.1198512   99.94402546
  95.58844731  98.33450988  99.26153644  99.87883904 100.42239984
  99.71208701 100.42611032 100.14535854  99.79667996 100.00144448]
最小値:91.52761705635913
入力値:[0, 24, -30.0]
経過時間:331.5940146446228sec
num_evaluation of BBF = 200.0
 input
[[7, 89, 26.863836691672688], [19, 31, -20.73439961464019], [27, 12, -0.8894454240080947], [25, 79, 10.981559664568287], [19, 56, 13.185253941417557], [10, 52, -5.561530062603282], [7, 93, -12.178898573538731], [11, 11, -19.096377733129273], [19, 54, -16.689889979237755], [30, 55, -19.930601357912657], [6, 50, -29.924368227042876], [0, 34, 9.545758273052435], [21, 88, -9.814421960704312], [20, 53, -2.5348665726144937], [0, 17, -5.889760304348151]]
 output
 [ 99.59004219 100.24722841  99.89294029 100.11508001  99.7228044
  99.41445177  99.91367907 100.35708208  99.67132538  99.56605573
 101.36781461 100.47482449 100.12949804  99.89666714 100.48720481]
最小値:99.41445176606645
入力値:[10, 52, -5.561530062603282]
経過時間:70.35133385658264sec
num_evaluation of BBF = 15.0
 input
[[7, 89, 26.863836691672688], [19, 31, -20.73439961464019], [27, 12, -0.8894454240080947], [25, 79, 10.981559664568287], [19, 56, 13.185253941417557], [10, 52, -5.561530062603282], [7, 93, -12.178898573538731], [11, 11, -19.096377733129273], [19, 54, -16.689889979237755], [30, 55, -19.930601357912657], [6, 50, -29.924368227042876], [0, 34, 9.545758273052435], [21, 88, -9.814421960704312], [20, 53, -2.5348665726144937], [0, 17, -5.889760304348151], [12, 94, 7.070976988322457], [16, 5, 30.0], [39, 0, 30.0], [16, 76, 14.550054827467406], [38, 6, 26.780756273644485], [14, 0, 30.0], [16, 0, 26.348080937658608], [13, 5, 17.001599489896307], [18, 5, 30.0], [13, 29, -5.6612802339446056], [1, 41, 16.209840009269335], [24, 63, -4.471926858548358], [13, 78, -14.453571592407382], [20, 0, -3.7769261205383557], [11, 11, 27.53597840041543]]
 output
 [ 99.59004219 100.24722841  99.89294029 100.11508001  99.7228044
  99.41445177  99.91367907 100.35708208  99.67132538  99.56605573
 101.36781461 100.47482449 100.12949804  99.89666714 100.48720481
 100.03149017  85.43240386 100.36978048 100.12595483 101.08926183
 113.94234746 112.69049608 102.37532406  97.31727904  99.85643478
  95.80433896 100.27069769  99.93620347  97.44480324 102.31589392]
最小値:85.43240385968566
入力値:[16, 5, 30.0]
経過時間:75.92559337615967sec
num_evaluation of BBF = 30.0
 input
[[7, 89, 26.863836691672688], [19, 31, -20.73439961464019], [27, 12, -0.8894454240080947], [25, 79, 10.981559664568287], [19, 56, 13.185253941417557], [10, 52, -5.561530062603282], [7, 93, -12.178898573538731], [11, 11, -19.096377733129273], [19, 54, -16.689889979237755], [30, 55, -19.930601357912657], [6, 50, -29.924368227042876], [0, 34, 9.545758273052435], [21, 88, -9.814421960704312], [20, 53, -2.5348665726144937], [0, 17, -5.889760304348151], [12, 94, 7.070976988322457], [16, 5, 30.0], [39, 0, 30.0], [16, 76, 14.550054827467406], [38, 6, 26.780756273644485], [14, 0, 30.0], [16, 0, 26.348080937658608], [13, 5, 17.001599489896307], [18, 5, 30.0], [13, 29, -5.6612802339446056], [1, 41, 16.209840009269335], [24, 63, -4.471926858548358], [13, 78, -14.453571592407382], [20, 0, -3.7769261205383557], [11, 11, 27.53597840041543], [26, 45, -15.89917213443481], [26, 60, -8.327383772124293], [28, 94, -15.392445629134095], [29, 59, 9.31406214195129], [5, 23, 18.373527856327648], [15, 57, 0.45277247760039074], [1, 57, 29.77624014990078], [23, 6, -13.291690057245564], [13, 89, 4.355736118374288], [19, 45, -3.983954108208639], [7, 68, -5.309494660099144], [8, 62, -23.413024329471867], [12, 95, 26.58630181256494], [15, 50, -1.3675539954904572], [31, 62, 24.75997262089824], [37, 37, 17.5947160412273], [20, 41, -24.452400931832486], [16, 70, 19.54854234776157], [30, 73, 6.490156913125588], [5, 33, 19.36441208872958]]
 output
 [ 99.59004219 100.24722841  99.89294029 100.11508001  99.7228044
  99.41445177  99.91367907 100.35708208  99.67132538  99.56605573
 101.36781461 100.47482449 100.12949804  99.89666714 100.48720481
 100.03149017  85.43240386 100.36978048 100.12595483 101.08926183
 113.94234746 112.69049608 102.37532406  97.31727904  99.85643478
  95.80433896 100.27069769  99.93620347  97.44480324 102.31589392
  99.9418476  100.17669974 100.01964315  99.87465988 101.46931449
  99.99666431 100.07122788  99.57056319  99.99351994 100.20653538
 100.34160473  99.93060558 100.43113694 100.01475701 100.97009947
  95.83181055 100.14221979  99.80354733 100.0498781   99.6199416 ]
最小値:85.43240385968566
入力値:[16, 5, 30.0]
経過時間:106.72775268554688sec
num_evaluation of BBF = 50.0
 input
[[7, 89, 26.863836691672688], [19, 31, -20.73439961464019], [27, 12, -0.8894454240080947], [25, 79, 10.981559664568287], [19, 56, 13.185253941417557], [10, 52, -5.561530062603282], [7, 93, -12.178898573538731], [11, 11, -19.096377733129273], [19, 54, -16.689889979237755], [30, 55, -19.930601357912657], [6, 50, -29.924368227042876], [0, 34, 9.545758273052435], [21, 88, -9.814421960704312], [20, 53, -2.5348665726144937], [0, 17, -5.889760304348151], [12, 94, 7.070976988322457], [16, 5, 30.0], [39, 0, 30.0], [16, 76, 14.550054827467406], [38, 6, 26.780756273644485], [14, 0, 30.0], [16, 0, 26.348080937658608], [13, 5, 17.001599489896307], [18, 5, 30.0], [13, 29, -5.6612802339446056], [1, 41, 16.209840009269335], [24, 63, -4.471926858548358], [13, 78, -14.453571592407382], [20, 0, -3.7769261205383557], [11, 11, 27.53597840041543], [26, 45, -15.89917213443481], [26, 60, -8.327383772124293], [28, 94, -15.392445629134095], [29, 59, 9.31406214195129], [5, 23, 18.373527856327648], [15, 57, 0.45277247760039074], [1, 57, 29.77624014990078], [23, 6, -13.291690057245564], [13, 89, 4.355736118374288], [19, 45, -3.983954108208639], [7, 68, -5.309494660099144], [8, 62, -23.413024329471867], [12, 95, 26.58630181256494], [15, 50, -1.3675539954904572], [31, 62, 24.75997262089824], [37, 37, 17.5947160412273], [20, 41, -24.452400931832486], [16, 70, 19.54854234776157], [30, 73, 6.490156913125588], [5, 33, 19.36441208872958], [26, 45, -15.89917213443481], [26, 60, -8.327383772124293], [28, 94, -15.392445629134095], [29, 59, 9.31406214195129], [5, 23, 18.373527856327648], [15, 57, 0.45277247760039074], [1, 57, 29.77624014990078], [23, 6, -13.291690057245564], [13, 89, 4.355736118374288], [19, 45, -3.983954108208639], [7, 68, -5.309494660099144], [8, 62, -23.413024329471867], [12, 95, 26.58630181256494], [15, 50, -1.3675539954904572], [31, 62, 24.75997262089824], [37, 37, 17.5947160412273], [20, 41, -24.452400931832486], [16, 70, 19.54854234776157], [30, 73, 6.490156913125588], [5, 33, 19.36441208872958], [4, 8, -28.12952486453913], [27, 2, 25.61786479321818], [8, 30, -7.927266200171822], [31, 70, -8.751638308953524], [15, 17, 10.323980520537852], [4, 93, 29.8833088924896], [36, 13, 26.602863813046923], [30, 76, 15.76986134948087], [30, 39, 27.422647083055608], [2, 37, 10.252394324229982], [15, 13, 11.753650747428708], [17, 52, -13.03319204080336], [13, 61, -9.351524893249586], [11, 33, -14.14318762878374], [37, 49, -5.326544212418309], [30, 85, 4.760909572289876], [22, 80, 12.252207539760612], [13, 17, 7.832984224345822], [22, 82, 26.557012125590774], [22, 37, -4.68950371754898], [4, 74, 27.022793018736273], [20, 28, -6.048058092935268], [22, 30, 16.98973494641617], [34, 54, -15.730093505541658], [18, 61, -16.264724102741624], [39, 44, 2.8646363955802627], [14, 43, -9.15537680775202], [5, 64, -5.59225515434359], [20, 4, -4.887007979636479], [32, 6, 16.05254370355184]]
 output
 [ 99.59004219 100.24722841  99.89294029 100.11508001  99.7228044
  99.41445177  99.91367907 100.35708208  99.67132538  99.56605573
 101.36781461 100.47482449 100.12949804  99.89666714 100.48720481
 100.03149017  85.43240386 100.36978048 100.12595483 101.08926183
 113.94234746 112.69049608 102.37532406  97.31727904  99.85643478
  95.80433896 100.27069769  99.93620347  97.44480324 102.31589392
  99.9418476  100.17669974 100.01964315  99.87465988 101.46931449
  99.99666431 100.07122788  99.57056319  99.99351994 100.20653538
 100.34160473  99.93060558 100.43113694 100.01475701 100.97009947
  95.83181055 100.14221979  99.80354733 100.0498781   99.6199416
  99.9418476  100.17669974 100.01964315  99.87465988 101.46931449
  99.99666431 100.07122788  99.57056319  99.99351994 100.20653538
 100.34160473  99.93060558 100.43113694 100.01475701 100.97009947
  95.83181055 100.14221979  99.80354733 100.0498781   99.6199416
  99.45222109 101.03110229  99.31265957 100.1663069  101.77862872
  99.76772872  99.09184044  99.92322493 100.95204596  99.60307603
 100.00778892  99.06156904  99.00503327  99.74377357 100.33036953
  99.963244   100.15351836  99.78920252  99.39656472 100.30226408
 100.1704209   99.85267328  99.45104495  97.11806447  99.90523068
  99.96686139  99.84644275 100.303764   101.30385289  99.50500134]
最小値:85.43240385968566
入力値:[16, 5, 30.0]
経過時間:263.5247039794922sec
num_evaluation of BBF = 100.0
 input
[[7, 89, 26.863836691672688], [19, 31, -20.73439961464019], [27, 12, -0.8894454240080947], [25, 79, 10.981559664568287], [19, 56, 13.185253941417557], [10, 52, -5.561530062603282], [7, 93, -12.178898573538731], [11, 11, -19.096377733129273], [19, 54, -16.689889979237755], [30, 55, -19.930601357912657], [6, 50, -29.924368227042876], [0, 34, 9.545758273052435], [21, 88, -9.814421960704312], [20, 53, -2.5348665726144937], [0, 17, -5.889760304348151], [12, 94, 7.070976988322457], [16, 5, 30.0], [39, 0, 30.0], [16, 76, 14.550054827467406], [38, 6, 26.780756273644485], [14, 0, 30.0], [16, 0, 26.348080937658608], [13, 5, 17.001599489896307], [18, 5, 30.0], [13, 29, -5.6612802339446056], [1, 41, 16.209840009269335], [24, 63, -4.471926858548358], [13, 78, -14.453571592407382], [20, 0, -3.7769261205383557], [11, 11, 27.53597840041543], [26, 45, -15.89917213443481], [26, 60, -8.327383772124293], [28, 94, -15.392445629134095], [29, 59, 9.31406214195129], [5, 23, 18.373527856327648], [15, 57, 0.45277247760039074], [1, 57, 29.77624014990078], [23, 6, -13.291690057245564], [13, 89, 4.355736118374288], [19, 45, -3.983954108208639], [7, 68, -5.309494660099144], [8, 62, -23.413024329471867], [12, 95, 26.58630181256494], [15, 50, -1.3675539954904572], [31, 62, 24.75997262089824], [37, 37, 17.5947160412273], [20, 41, -24.452400931832486], [16, 70, 19.54854234776157], [30, 73, 6.490156913125588], [5, 33, 19.36441208872958], [26, 45, -15.89917213443481], [26, 60, -8.327383772124293], [28, 94, -15.392445629134095], [29, 59, 9.31406214195129], [5, 23, 18.373527856327648], [15, 57, 0.45277247760039074], [1, 57, 29.77624014990078], [23, 6, -13.291690057245564], [13, 89, 4.355736118374288], [19, 45, -3.983954108208639], [7, 68, -5.309494660099144], [8, 62, -23.413024329471867], [12, 95, 26.58630181256494], [15, 50, -1.3675539954904572], [31, 62, 24.75997262089824], [37, 37, 17.5947160412273], [20, 41, -24.452400931832486], [16, 70, 19.54854234776157], [30, 73, 6.490156913125588], [5, 33, 19.36441208872958], [4, 8, -28.12952486453913], [27, 2, 25.61786479321818], [8, 30, -7.927266200171822], [31, 70, -8.751638308953524], [15, 17, 10.323980520537852], [4, 93, 29.8833088924896], [36, 13, 26.602863813046923], [30, 76, 15.76986134948087], [30, 39, 27.422647083055608], [2, 37, 10.252394324229982], [15, 13, 11.753650747428708], [17, 52, -13.03319204080336], [13, 61, -9.351524893249586], [11, 33, -14.14318762878374], [37, 49, -5.326544212418309], [30, 85, 4.760909572289876], [22, 80, 12.252207539760612], [13, 17, 7.832984224345822], [22, 82, 26.557012125590774], [22, 37, -4.68950371754898], [4, 74, 27.022793018736273], [20, 28, -6.048058092935268], [22, 30, 16.98973494641617], [34, 54, -15.730093505541658], [18, 61, -16.264724102741624], [39, 44, 2.8646363955802627], [14, 43, -9.15537680775202], [5, 64, -5.59225515434359], [20, 4, -4.887007979636479], [32, 6, 16.05254370355184], [26, 45, -15.89917213443481], [26, 60, -8.327383772124293], [28, 94, -15.392445629134095], [29, 59, 9.31406214195129], [5, 23, 18.373527856327648], [15, 57, 0.45277247760039074], [1, 57, 29.77624014990078], [23, 6, -13.291690057245564], [13, 89, 4.355736118374288], [19, 45, -3.983954108208639], [7, 68, -5.309494660099144], [8, 62, -23.413024329471867], [12, 95, 26.58630181256494], [15, 50, -1.3675539954904572], [31, 62, 24.75997262089824], [37, 37, 17.5947160412273], [20, 41, -24.452400931832486], [16, 70, 19.54854234776157], [30, 73, 6.490156913125588], [5, 33, 19.36441208872958], [4, 8, -28.12952486453913], [27, 2, 25.61786479321818], [8, 30, -7.927266200171822], [31, 70, -8.751638308953524], [15, 17, 10.323980520537852], [4, 93, 29.8833088924896], [36, 13, 26.602863813046923], [30, 76, 15.76986134948087], [30, 39, 27.422647083055608], [2, 37, 10.252394324229982], [15, 13, 11.753650747428708], [17, 52, -13.03319204080336], [13, 61, -9.351524893249586], [11, 33, -14.14318762878374], [37, 49, -5.326544212418309], [30, 85, 4.760909572289876], [22, 80, 12.252207539760612], [13, 17, 7.832984224345822], [22, 82, 26.557012125590774], [22, 37, -4.68950371754898], [4, 74, 27.022793018736273], [20, 28, -6.048058092935268], [22, 30, 16.98973494641617], [34, 54, -15.730093505541658], [18, 61, -16.264724102741624], [39, 44, 2.8646363955802627], [14, 43, -9.15537680775202], [5, 64, -5.59225515434359], [20, 4, -4.887007979636479], [32, 6, 16.05254370355184]]
 output
 [ 99.59004219 100.24722841  99.89294029 100.11508001  99.7228044
  99.41445177  99.91367907 100.35708208  99.67132538  99.56605573
 101.36781461 100.47482449 100.12949804  99.89666714 100.48720481
 100.03149017  85.43240386 100.36978048 100.12595483 101.08926183
 113.94234746 112.69049608 102.37532406  97.31727904  99.85643478
  95.80433896 100.27069769  99.93620347  97.44480324 102.31589392
  99.9418476  100.17669974 100.01964315  99.87465988 101.46931449
  99.99666431 100.07122788  99.57056319  99.99351994 100.20653538
 100.34160473  99.93060558 100.43113694 100.01475701 100.97009947
  95.83181055 100.14221979  99.80354733 100.0498781   99.6199416
  99.9418476  100.17669974 100.01964315  99.87465988 101.46931449
  99.99666431 100.07122788  99.57056319  99.99351994 100.20653538
 100.34160473  99.93060558 100.43113694 100.01475701 100.97009947
  95.83181055 100.14221979  99.80354733 100.0498781   99.6199416
  99.45222109 101.03110229  99.31265957 100.1663069  101.77862872
  99.76772872  99.09184044  99.92322493 100.95204596  99.60307603
 100.00778892  99.06156904  99.00503327  99.74377357 100.33036953
  99.963244   100.15351836  99.78920252  99.39656472 100.30226408
 100.1704209   99.85267328  99.45104495  97.11806447  99.90523068
  99.96686139  99.84644275 100.303764   101.30385289  99.50500134
  99.9418476  100.17669974 100.01964315  99.87465988 101.46931449
  99.99666431 100.07122788  99.57056319  99.99351994 100.20653538
 100.34160473  99.93060558 100.43113694 100.01475701 100.97009947
  95.83181055 100.14221979  99.80354733 100.0498781   99.6199416
  99.45222109 101.03110229  99.31265957 100.1663069  101.77862872
  99.76772872  99.09184044  99.92322493 100.95204596  99.60307603
 100.00778892  99.06156904  99.00503327  99.74377357 100.33036953
  99.963244   100.15351836  99.78920252  99.39656472 100.30226408
 100.1704209   99.85267328  99.45104495  97.11806447  99.90523068
  99.96686139  99.84644275 100.303764   101.30385289  99.50500134]
最小値:85.43240385968566
入力値:[16, 5, 30.0]
経過時間:282.9020893573761sec
num_evaluation of BBF = 150.0
 input
[[7, 89, 26.863836691672688], [19, 31, -20.73439961464019], [27, 12, -0.8894454240080947], [25, 79, 10.981559664568287], [19, 56, 13.185253941417557], [10, 52, -5.561530062603282], [7, 93, -12.178898573538731], [11, 11, -19.096377733129273], [19, 54, -16.689889979237755], [30, 55, -19.930601357912657], [6, 50, -29.924368227042876], [0, 34, 9.545758273052435], [21, 88, -9.814421960704312], [20, 53, -2.5348665726144937], [0, 17, -5.889760304348151], [12, 94, 7.070976988322457], [16, 5, 30.0], [39, 0, 30.0], [16, 76, 14.550054827467406], [38, 6, 26.780756273644485], [14, 0, 30.0], [16, 0, 26.348080937658608], [13, 5, 17.001599489896307], [18, 5, 30.0], [13, 29, -5.6612802339446056], [1, 41, 16.209840009269335], [24, 63, -4.471926858548358], [13, 78, -14.453571592407382], [20, 0, -3.7769261205383557], [11, 11, 27.53597840041543], [26, 45, -15.89917213443481], [26, 60, -8.327383772124293], [28, 94, -15.392445629134095], [29, 59, 9.31406214195129], [5, 23, 18.373527856327648], [15, 57, 0.45277247760039074], [1, 57, 29.77624014990078], [23, 6, -13.291690057245564], [13, 89, 4.355736118374288], [19, 45, -3.983954108208639], [7, 68, -5.309494660099144], [8, 62, -23.413024329471867], [12, 95, 26.58630181256494], [15, 50, -1.3675539954904572], [31, 62, 24.75997262089824], [37, 37, 17.5947160412273], [20, 41, -24.452400931832486], [16, 70, 19.54854234776157], [30, 73, 6.490156913125588], [5, 33, 19.36441208872958], [26, 45, -15.89917213443481], [26, 60, -8.327383772124293], [28, 94, -15.392445629134095], [29, 59, 9.31406214195129], [5, 23, 18.373527856327648], [15, 57, 0.45277247760039074], [1, 57, 29.77624014990078], [23, 6, -13.291690057245564], [13, 89, 4.355736118374288], [19, 45, -3.983954108208639], [7, 68, -5.309494660099144], [8, 62, -23.413024329471867], [12, 95, 26.58630181256494], [15, 50, -1.3675539954904572], [31, 62, 24.75997262089824], [37, 37, 17.5947160412273], [20, 41, -24.452400931832486], [16, 70, 19.54854234776157], [30, 73, 6.490156913125588], [5, 33, 19.36441208872958], [4, 8, -28.12952486453913], [27, 2, 25.61786479321818], [8, 30, -7.927266200171822], [31, 70, -8.751638308953524], [15, 17, 10.323980520537852], [4, 93, 29.8833088924896], [36, 13, 26.602863813046923], [30, 76, 15.76986134948087], [30, 39, 27.422647083055608], [2, 37, 10.252394324229982], [15, 13, 11.753650747428708], [17, 52, -13.03319204080336], [13, 61, -9.351524893249586], [11, 33, -14.14318762878374], [37, 49, -5.326544212418309], [30, 85, 4.760909572289876], [22, 80, 12.252207539760612], [13, 17, 7.832984224345822], [22, 82, 26.557012125590774], [22, 37, -4.68950371754898], [4, 74, 27.022793018736273], [20, 28, -6.048058092935268], [22, 30, 16.98973494641617], [34, 54, -15.730093505541658], [18, 61, -16.264724102741624], [39, 44, 2.8646363955802627], [14, 43, -9.15537680775202], [5, 64, -5.59225515434359], [20, 4, -4.887007979636479], [32, 6, 16.05254370355184], [26, 45, -15.89917213443481], [26, 60, -8.327383772124293], [28, 94, -15.392445629134095], [29, 59, 9.31406214195129], [5, 23, 18.373527856327648], [15, 57, 0.45277247760039074], [1, 57, 29.77624014990078], [23, 6, -13.291690057245564], [13, 89, 4.355736118374288], [19, 45, -3.983954108208639], [7, 68, -5.309494660099144], [8, 62, -23.413024329471867], [12, 95, 26.58630181256494], [15, 50, -1.3675539954904572], [31, 62, 24.75997262089824], [37, 37, 17.5947160412273], [20, 41, -24.452400931832486], [16, 70, 19.54854234776157], [30, 73, 6.490156913125588], [5, 33, 19.36441208872958], [4, 8, -28.12952486453913], [27, 2, 25.61786479321818], [8, 30, -7.927266200171822], [31, 70, -8.751638308953524], [15, 17, 10.323980520537852], [4, 93, 29.8833088924896], [36, 13, 26.602863813046923], [30, 76, 15.76986134948087], [30, 39, 27.422647083055608], [2, 37, 10.252394324229982], [15, 13, 11.753650747428708], [17, 52, -13.03319204080336], [13, 61, -9.351524893249586], [11, 33, -14.14318762878374], [37, 49, -5.326544212418309], [30, 85, 4.760909572289876], [22, 80, 12.252207539760612], [13, 17, 7.832984224345822], [22, 82, 26.557012125590774], [22, 37, -4.68950371754898], [4, 74, 27.022793018736273], [20, 28, -6.048058092935268], [22, 30, 16.98973494641617], [34, 54, -15.730093505541658], [18, 61, -16.264724102741624], [39, 44, 2.8646363955802627], [14, 43, -9.15537680775202], [5, 64, -5.59225515434359], [20, 4, -4.887007979636479], [32, 6, 16.05254370355184], [26, 45, -15.89917213443481], [26, 60, -8.327383772124293], [28, 94, -15.392445629134095], [29, 59, 9.31406214195129], [5, 23, 18.373527856327648], [15, 57, 0.45277247760039074], [1, 57, 29.77624014990078], [23, 6, -13.291690057245564], [13, 89, 4.355736118374288], [19, 45, -3.983954108208639], [7, 68, -5.309494660099144], [8, 62, -23.413024329471867], [12, 95, 26.58630181256494], [15, 50, -1.3675539954904572], [31, 62, 24.75997262089824], [37, 37, 17.5947160412273], [20, 41, -24.452400931832486], [16, 70, 19.54854234776157], [30, 73, 6.490156913125588], [5, 33, 19.36441208872958], [4, 8, -28.12952486453913], [27, 2, 25.61786479321818], [8, 30, -7.927266200171822], [31, 70, -8.751638308953524], [15, 17, 10.323980520537852], [4, 93, 29.8833088924896], [36, 13, 26.602863813046923], [30, 76, 15.76986134948087], [30, 39, 27.422647083055608], [2, 37, 10.252394324229982], [15, 13, 11.753650747428708], [17, 52, -13.03319204080336], [13, 61, -9.351524893249586], [11, 33, -14.14318762878374], [37, 49, -5.326544212418309], [30, 85, 4.760909572289876], [22, 80, 12.252207539760612], [13, 17, 7.832984224345822], [22, 82, 26.557012125590774], [22, 37, -4.68950371754898], [4, 74, 27.022793018736273], [20, 28, -6.048058092935268], [22, 30, 16.98973494641617], [34, 54, -15.730093505541658], [18, 61, -16.264724102741624], [39, 44, 2.8646363955802627], [14, 43, -9.15537680775202], [5, 64, -5.59225515434359], [20, 4, -4.887007979636479], [32, 6, 16.05254370355184]]
 output
 [ 99.59004219 100.24722841  99.89294029 100.11508001  99.7228044
  99.41445177  99.91367907 100.35708208  99.67132538  99.56605573
 101.36781461 100.47482449 100.12949804  99.89666714 100.48720481
 100.03149017  85.43240386 100.36978048 100.12595483 101.08926183
 113.94234746 112.69049608 102.37532406  97.31727904  99.85643478
  95.80433896 100.27069769  99.93620347  97.44480324 102.31589392
  99.9418476  100.17669974 100.01964315  99.87465988 101.46931449
  99.99666431 100.07122788  99.57056319  99.99351994 100.20653538
 100.34160473  99.93060558 100.43113694 100.01475701 100.97009947
  95.83181055 100.14221979  99.80354733 100.0498781   99.6199416
  99.9418476  100.17669974 100.01964315  99.87465988 101.46931449
  99.99666431 100.07122788  99.57056319  99.99351994 100.20653538
 100.34160473  99.93060558 100.43113694 100.01475701 100.97009947
  95.83181055 100.14221979  99.80354733 100.0498781   99.6199416
  99.45222109 101.03110229  99.31265957 100.1663069  101.77862872
  99.76772872  99.09184044  99.92322493 100.95204596  99.60307603
 100.00778892  99.06156904  99.00503327  99.74377357 100.33036953
  99.963244   100.15351836  99.78920252  99.39656472 100.30226408
 100.1704209   99.85267328  99.45104495  97.11806447  99.90523068
  99.96686139  99.84644275 100.303764   101.30385289  99.50500134
  99.9418476  100.17669974 100.01964315  99.87465988 101.46931449
  99.99666431 100.07122788  99.57056319  99.99351994 100.20653538
 100.34160473  99.93060558 100.43113694 100.01475701 100.97009947
  95.83181055 100.14221979  99.80354733 100.0498781   99.6199416
  99.45222109 101.03110229  99.31265957 100.1663069  101.77862872
  99.76772872  99.09184044  99.92322493 100.95204596  99.60307603
 100.00778892  99.06156904  99.00503327  99.74377357 100.33036953
  99.963244   100.15351836  99.78920252  99.39656472 100.30226408
 100.1704209   99.85267328  99.45104495  97.11806447  99.90523068
  99.96686139  99.84644275 100.303764   101.30385289  99.50500134
  99.9418476  100.17669974 100.01964315  99.87465988 101.46931449
  99.99666431 100.07122788  99.57056319  99.99351994 100.20653538
 100.34160473  99.93060558 100.43113694 100.01475701 100.97009947
  95.83181055 100.14221979  99.80354733 100.0498781   99.6199416
  99.45222109 101.03110229  99.31265957 100.1663069  101.77862872
  99.76772872  99.09184044  99.92322493 100.95204596  99.60307603
 100.00778892  99.06156904  99.00503327  99.74377357 100.33036953
  99.963244   100.15351836  99.78920252  99.39656472 100.30226408
 100.1704209   99.85267328  99.45104495  97.11806447  99.90523068
  99.96686139  99.84644275 100.303764   101.30385289  99.50500134]
最小値:85.43240385968566
入力値:[16, 5, 30.0]
経過時間:319.7719123363495sec
num_evaluation of BBF = 200.0
 input
[[3, 81, -22.720285127687035], [22, 42, -28.875119480974092], [2, 24, -24.38691015207328], [27, 14, -2.8096619326722383], [8, 34, -0.4418444972353477], [36, 74, 28.418896016144366], [16, 53, -11.618362206307982], [23, 26, -2.7235340127427783], [30, 78, -14.54488267513012], [35, 69, -28.763129721882006], [2, 31, -24.651809606612645], [26, 36, -24.411893187711485], [0, 22, -22.298981803981345], [2, 10, 22.79864946892031], [0, 19, -25.530107185151902]]
 output
 [ 99.79631461  99.57738752  96.23897849  99.79612552 100.01082339
  99.75146755  99.41500096  99.79654529  99.82351577  99.95527446
  96.4115196   99.0754331   96.94608243  98.39153371  99.33290138]
最小値:96.23897849094202
入力値:[2, 24, -24.38691015207328]
経過時間:69.05797576904297sec
num_evaluation of BBF = 15.0
 input
[[3, 81, -22.720285127687035], [22, 42, -28.875119480974092], [2, 24, -24.38691015207328], [27, 14, -2.8096619326722383], [8, 34, -0.4418444972353477], [36, 74, 28.418896016144366], [16, 53, -11.618362206307982], [23, 26, -2.7235340127427783], [30, 78, -14.54488267513012], [35, 69, -28.763129721882006], [2, 31, -24.651809606612645], [26, 36, -24.411893187711485], [0, 22, -22.298981803981345], [2, 10, 22.79864946892031], [0, 19, -25.530107185151902], [2, 20, -24.070635305322988], [2, 7, -24.479994494969905], [1, 31, 14.132599081825681], [2, 27, -23.779350813622514], [2, 26, -24.54746482502356], [0, 33, -19.568832772040402], [0, 38, -20.089063159305685], [2, 32, -19.405827759954146], [39, 25, -30.0], [0, 96, 30.0], [38, 0, 30.0], [33, 27, -30.0], [39, 22, -30.0], [2, 30, -24.405450981144348], [0, 30, -19.26490311323586]]
 output
 [ 99.79631461  99.57738752  96.23897849  99.79612552 100.01082339
  99.75146755  99.41500096  99.79654529  99.82351577  99.95527446
  96.4115196   99.0754331   96.94608243  98.39153371  99.33290138
  97.39214089  99.83957182 100.84516737  98.01763391  97.7834074
  95.77288164  99.7671695   99.6127233   95.67538494 100.02528597
 100.27916812 100.82863822  97.80626052  97.54258308  98.66372843]
最小値:95.67538493623579
入力値:[39, 25, -30.0]
経過時間:71.37264633178711sec
num_evaluation of BBF = 30.0
 input
[[3, 81, -22.720285127687035], [22, 42, -28.875119480974092], [2, 24, -24.38691015207328], [27, 14, -2.8096619326722383], [8, 34, -0.4418444972353477], [36, 74, 28.418896016144366], [16, 53, -11.618362206307982], [23, 26, -2.7235340127427783], [30, 78, -14.54488267513012], [35, 69, -28.763129721882006], [2, 31, -24.651809606612645], [26, 36, -24.411893187711485], [0, 22, -22.298981803981345], [2, 10, 22.79864946892031], [0, 19, -25.530107185151902], [2, 20, -24.070635305322988], [2, 7, -24.479994494969905], [1, 31, 14.132599081825681], [2, 27, -23.779350813622514], [2, 26, -24.54746482502356], [0, 33, -19.568832772040402], [0, 38, -20.089063159305685], [2, 32, -19.405827759954146], [39, 25, -30.0], [0, 96, 30.0], [38, 0, 30.0], [33, 27, -30.0], [39, 22, -30.0], [2, 30, -24.405450981144348], [0, 30, -19.26490311323586], [39, 31, -30.0], [39, 34, -30.0], [5, 52, 29.948182162010333], [25, 52, 28.010196371795374], [4, 51, 29.927789561019715], [39, 30, -30.0], [7, 51, 29.586903151439927], [7, 57, 30.0], [7, 52, 29.73282305438787], [28, 31, -10.760565573090158], [37, 31, -26.724601771655923], [4, 52, 28.5479590275931], [39, 31, -29.677841565466945], [6, 52, 30.0], [7, 51, 29.54318046325745], [7, 51, 29.45746229254921], [5, 52, 18.27479674671855], [5, 52, 30.0], [7, 51, 29.363950885199763], [7, 51, 29.22381970415171]]
 output
 [ 99.79631461  99.57738752  96.23897849  99.79612552 100.01082339
  99.75146755  99.41500096  99.79654529  99.82351577  99.95527446
  96.4115196   99.0754331   96.94608243  98.39153371  99.33290138
  97.39214089  99.83957182 100.84516737  98.01763391  97.7834074
  95.77288164  99.7671695   99.6127233   95.67538494 100.02528597
 100.27916812 100.82863822  97.80626052  97.54258308  98.66372843
  94.07852444 100.70609153  94.08788788  99.89977932  96.67204387
  98.30149929  95.24729379 100.1105751   95.81887498  96.43659329
  97.02661482  97.42026058  94.373069    99.23731213  95.2457857
  95.242646   100.29801042  94.09680091  95.23681519  95.23137912]
最小値:94.07852444028548
入力値:[39, 31, -30.0]
経過時間:102.12649512290955sec
num_evaluation of BBF = 50.0
 input
[[3, 81, -22.720285127687035], [22, 42, -28.875119480974092], [2, 24, -24.38691015207328], [27, 14, -2.8096619326722383], [8, 34, -0.4418444972353477], [36, 74, 28.418896016144366], [16, 53, -11.618362206307982], [23, 26, -2.7235340127427783], [30, 78, -14.54488267513012], [35, 69, -28.763129721882006], [2, 31, -24.651809606612645], [26, 36, -24.411893187711485], [0, 22, -22.298981803981345], [2, 10, 22.79864946892031], [0, 19, -25.530107185151902], [2, 20, -24.070635305322988], [2, 7, -24.479994494969905], [1, 31, 14.132599081825681], [2, 27, -23.779350813622514], [2, 26, -24.54746482502356], [0, 33, -19.568832772040402], [0, 38, -20.089063159305685], [2, 32, -19.405827759954146], [39, 25, -30.0], [0, 96, 30.0], [38, 0, 30.0], [33, 27, -30.0], [39, 22, -30.0], [2, 30, -24.405450981144348], [0, 30, -19.26490311323586], [39, 31, -30.0], [39, 34, -30.0], [5, 52, 29.948182162010333], [25, 52, 28.010196371795374], [4, 51, 29.927789561019715], [39, 30, -30.0], [7, 51, 29.586903151439927], [7, 57, 30.0], [7, 52, 29.73282305438787], [28, 31, -10.760565573090158], [37, 31, -26.724601771655923], [4, 52, 28.5479590275931], [39, 31, -29.677841565466945], [6, 52, 30.0], [7, 51, 29.54318046325745], [7, 51, 29.45746229254921], [5, 52, 18.27479674671855], [5, 52, 30.0], [7, 51, 29.363950885199763], [7, 51, 29.22381970415171], [15, 12, -23.50720260513118], [5, 52, 29.519438472673507], [7, 51, 29.0571461349843], [5, 52, 29.235935269080635], [5, 52, 28.964243212928714], [5, 52, 29.05964162234509], [5, 52, 29.075518651346087], [7, 51, 28.249061330308756], [5, 52, 29.09449789015602], [5, 52, 29.1129923343792], [5, 52, 29.131742796311755], [7, 51, 26.383094023583936], [5, 52, 29.158652912550153], [7, 51, 27.215101560866238], [7, 51, 27.30595118757295], [7, 51, 27.313404448341707], [7, 51, 27.32476820045087], [5, 52, 29.236765080468516], [7, 51, 27.357112051187684], [7, 51, 27.377252623908227], [7, 51, 27.3999282772331], [7, 51, 27.42487511597882], [5, 52, 29.322188005867176], [7, 51, 27.494297300341742], [7, 51, 27.54759022229404], [7, 51, 27.620155621307894], [5, 52, 29.386510678517503], [7, 51, 27.703724957651986], [5, 53, 29.44218913542855], [5, 52, 29.50710147775657], [5, 52, 29.395602985601187], [5, 52, 29.418691349898147], [7, 51, 27.88580129358227], [5, 52, 29.46010152113967], [7, 51, 28.0030594915196], [5, 52, 29.504771243439407], [7, 51, 28.10440304986048], [7, 51, 28.151668677616293], [7, 51, 28.199722829377436], [7, 51, 28.254429616269967], [7, 51, 28.35329858670454], [7, 51, 28.541846823773767], [7, 51, 28.764900952266345], [7, 51, 28.74818174294898], [7, 51, 28.7814654419498], [5, 52, 29.638073128647008], [7, 51, 28.86785509687396], [8, 51, 28.73434053782467], [7, 49, 28.33495158078661], [7, 50, 25.498244913103562]]
 output
 [ 99.79631461  99.57738752  96.23897849  99.79612552 100.01082339
  99.75146755  99.41500096  99.79654529  99.82351577  99.95527446
  96.4115196   99.0754331   96.94608243  98.39153371  99.33290138
  97.39214089  99.83957182 100.84516737  98.01763391  97.7834074
  95.77288164  99.7671695   99.6127233   95.67538494 100.02528597
 100.27916812 100.82863822  97.80626052  97.54258308  98.66372843
  94.07852444 100.70609153  94.08788788  99.89977932  96.67204387
  98.30149929  95.24729379 100.1105751   95.81887498  96.43659329
  97.02661482  97.42026058  94.373069    99.23731213  95.2457857
  95.242646   100.29801042  94.09680091  95.23681519  95.23137912
  98.59125366  94.0199751   95.21786188  93.98295708  93.96804101
  93.96817567  93.96890636  95.13997977  93.96969687  93.97099799
  93.97235458  95.0320596   93.97512714  95.05263306  95.05935876
  95.05981683  95.06046519  93.98305735  95.06260015  95.0639795
  95.06550926  95.06791069  93.99392077  95.07281981  95.07744357
  95.08268114  94.00133655  95.08978189  94.56112803  94.01821379
  94.00290498  94.00654585  95.10706316  94.01230918  95.11988251
  94.0189562   95.12794591  95.13257136  95.13704226  95.14029194
  95.14615068  95.15852405  95.1802643   95.17917238  95.18159733
  94.04096196  95.18574629 101.4535173   94.56891453  95.05145748]
最小値:93.96804101032339
入力値:[5, 52, 28.964243212928714]
経過時間:253.42673444747925sec
num_evaluation of BBF = 100.0
 input
[[3, 81, -22.720285127687035], [22, 42, -28.875119480974092], [2, 24, -24.38691015207328], [27, 14, -2.8096619326722383], [8, 34, -0.4418444972353477], [36, 74, 28.418896016144366], [16, 53, -11.618362206307982], [23, 26, -2.7235340127427783], [30, 78, -14.54488267513012], [35, 69, -28.763129721882006], [2, 31, -24.651809606612645], [26, 36, -24.411893187711485], [0, 22, -22.298981803981345], [2, 10, 22.79864946892031], [0, 19, -25.530107185151902], [2, 20, -24.070635305322988], [2, 7, -24.479994494969905], [1, 31, 14.132599081825681], [2, 27, -23.779350813622514], [2, 26, -24.54746482502356], [0, 33, -19.568832772040402], [0, 38, -20.089063159305685], [2, 32, -19.405827759954146], [39, 25, -30.0], [0, 96, 30.0], [38, 0, 30.0], [33, 27, -30.0], [39, 22, -30.0], [2, 30, -24.405450981144348], [0, 30, -19.26490311323586], [39, 31, -30.0], [39, 34, -30.0], [5, 52, 29.948182162010333], [25, 52, 28.010196371795374], [4, 51, 29.927789561019715], [39, 30, -30.0], [7, 51, 29.586903151439927], [7, 57, 30.0], [7, 52, 29.73282305438787], [28, 31, -10.760565573090158], [37, 31, -26.724601771655923], [4, 52, 28.5479590275931], [39, 31, -29.677841565466945], [6, 52, 30.0], [7, 51, 29.54318046325745], [7, 51, 29.45746229254921], [5, 52, 18.27479674671855], [5, 52, 30.0], [7, 51, 29.363950885199763], [7, 51, 29.22381970415171], [15, 12, -23.50720260513118], [5, 52, 29.519438472673507], [7, 51, 29.0571461349843], [5, 52, 29.235935269080635], [5, 52, 28.964243212928714], [5, 52, 29.05964162234509], [5, 52, 29.075518651346087], [7, 51, 28.249061330308756], [5, 52, 29.09449789015602], [5, 52, 29.1129923343792], [5, 52, 29.131742796311755], [7, 51, 26.383094023583936], [5, 52, 29.158652912550153], [7, 51, 27.215101560866238], [7, 51, 27.30595118757295], [7, 51, 27.313404448341707], [7, 51, 27.32476820045087], [5, 52, 29.236765080468516], [7, 51, 27.357112051187684], [7, 51, 27.377252623908227], [7, 51, 27.3999282772331], [7, 51, 27.42487511597882], [5, 52, 29.322188005867176], [7, 51, 27.494297300341742], [7, 51, 27.54759022229404], [7, 51, 27.620155621307894], [5, 52, 29.386510678517503], [7, 51, 27.703724957651986], [5, 53, 29.44218913542855], [5, 52, 29.50710147775657], [5, 52, 29.395602985601187], [5, 52, 29.418691349898147], [7, 51, 27.88580129358227], [5, 52, 29.46010152113967], [7, 51, 28.0030594915196], [5, 52, 29.504771243439407], [7, 51, 28.10440304986048], [7, 51, 28.151668677616293], [7, 51, 28.199722829377436], [7, 51, 28.254429616269967], [7, 51, 28.35329858670454], [7, 51, 28.541846823773767], [7, 51, 28.764900952266345], [7, 51, 28.74818174294898], [7, 51, 28.7814654419498], [5, 52, 29.638073128647008], [7, 51, 28.86785509687396], [8, 51, 28.73434053782467], [7, 49, 28.33495158078661], [7, 50, 25.498244913103562], [39, 32, -30.0], [7, 48, 30.0], [5, 52, 29.742399673589233], [7, 49, 30.0], [37, 8, 15.939622971191206], [5, 52, 29.849250032075844], [5, 52, 29.854419804004323], [5, 92, 21.105538087332228], [10, 95, -15.15909975209962], [5, 52, 29.968945791255827], [5, 52, 29.883265854137747], [9, 89, 2.0023827446472637], [32, 50, -6.2883692848507735], [5, 52, 29.85497034388431], [16, 52, -21.39437387258068], [0, 44, -25.518070795105054], [5, 52, 29.859592325294358], [35, 35, 18.47230358653411], [1, 44, -0.438710606076647], [25, 88, -2.5910306198590547], [9, 41, -8.947879621609967], [9, 95, 17.16215532487483], [5, 52, 29.77431881175709], [10, 18, 9.493946936712625], [7, 49, 29.989623467842158], [5, 52, 29.813828259893143], [28, 45, 10.768539017673334], [7, 49, 29.9979009842817], [5, 52, 29.995802434863492], [5, 52, 29.996764591852568], [5, 52, 29.95396363247486], [5, 52, 29.986776121459634], [20, 84, 0.5474761407782438], [38, 23, -25.617304586302996], [9, 22, -2.2605389385061336], [20, 51, 2.1776447187210266], [7, 49, 29.993836161616997], [7, 73, 29.79041183765267], [5, 52, 29.922356557085422], [28, 54, -5.7893071902051005], [5, 52, 29.918567259280806], [15, 89, -29.920499344126345], [28, 39, 7.206329512681215], [5, 52, 29.892792046780826], [5, 52, 29.91776376256113], [5, 52, 29.93818501248439], [13, 89, 17.031330787812237], [5, 52, 29.938769491029177], [5, 52, 29.962235813696694], [28, 59, -26.976965464244444]]
 output
 [ 99.79631461  99.57738752  96.23897849  99.79612552 100.01082339
  99.75146755  99.41500096  99.79654529  99.82351577  99.95527446
  96.4115196   99.0754331   96.94608243  98.39153371  99.33290138
  97.39214089  99.83957182 100.84516737  98.01763391  97.7834074
  95.77288164  99.7671695   99.6127233   95.67538494 100.02528597
 100.27916812 100.82863822  97.80626052  97.54258308  98.66372843
  94.07852444 100.70609153  94.08788788  99.89977932  96.67204387
  98.30149929  95.24729379 100.1105751   95.81887498  96.43659329
  97.02661482  97.42026058  94.373069    99.23731213  95.2457857
  95.242646   100.29801042  94.09680091  95.23681519  95.23137912
  98.59125366  94.0199751   95.21786188  93.98295708  93.96804101
  93.96817567  93.96890636  95.13997977  93.96969687  93.97099799
  93.97235458  95.0320596   93.97512714  95.05263306  95.05935876
  95.05981683  95.06046519  93.98305735  95.06260015  95.0639795
  95.06550926  95.06791069  93.99392077  95.07281981  95.07744357
  95.08268114  94.00133655  95.08978189  94.56112803  94.01821379
  94.00290498  94.00654585  95.10706316  94.01230918  95.11988251
  94.0189562   95.12794591  95.13257136  95.13704226  95.14029194
  95.14615068  95.15852405  95.1802643   95.17917238  95.18159733
  94.04096196  95.18574629 101.4535173   94.56891453  95.05145748
  95.42854108  95.31806196  94.05845693  94.55416332 100.54664614
  94.07444733  94.07543724  99.97706453  99.88234305  94.09138444
  94.08066895 100.02496558  99.10254415  94.07552057 100.1698847
 101.68944144  94.07625815 100.57750121 100.00622397 100.02726723
  99.37918138 100.1856595   94.06278058 101.02341266  94.55388956
  94.06964919  99.15581036  94.55402298  94.09590525  94.09617022
  94.08889624  94.09414329 100.00169018  99.86380751  99.97715865
 100.05776762  94.55404686  99.97414543  94.08384417  99.64902231
  94.08336617  99.76959704  99.81169927  94.08210452  94.08322539
  94.08616652  99.99235513  94.08626675  94.09021617 100.08495304]
最小値:93.96804101032339
入力値:[5, 52, 28.964243212928714]
経過時間:279.51628255844116sec
num_evaluation of BBF = 150.0
 input
[[3, 81, -22.720285127687035], [22, 42, -28.875119480974092], [2, 24, -24.38691015207328], [27, 14, -2.8096619326722383], [8, 34, -0.4418444972353477], [36, 74, 28.418896016144366], [16, 53, -11.618362206307982], [23, 26, -2.7235340127427783], [30, 78, -14.54488267513012], [35, 69, -28.763129721882006], [2, 31, -24.651809606612645], [26, 36, -24.411893187711485], [0, 22, -22.298981803981345], [2, 10, 22.79864946892031], [0, 19, -25.530107185151902], [2, 20, -24.070635305322988], [2, 7, -24.479994494969905], [1, 31, 14.132599081825681], [2, 27, -23.779350813622514], [2, 26, -24.54746482502356], [0, 33, -19.568832772040402], [0, 38, -20.089063159305685], [2, 32, -19.405827759954146], [39, 25, -30.0], [0, 96, 30.0], [38, 0, 30.0], [33, 27, -30.0], [39, 22, -30.0], [2, 30, -24.405450981144348], [0, 30, -19.26490311323586], [39, 31, -30.0], [39, 34, -30.0], [5, 52, 29.948182162010333], [25, 52, 28.010196371795374], [4, 51, 29.927789561019715], [39, 30, -30.0], [7, 51, 29.586903151439927], [7, 57, 30.0], [7, 52, 29.73282305438787], [28, 31, -10.760565573090158], [37, 31, -26.724601771655923], [4, 52, 28.5479590275931], [39, 31, -29.677841565466945], [6, 52, 30.0], [7, 51, 29.54318046325745], [7, 51, 29.45746229254921], [5, 52, 18.27479674671855], [5, 52, 30.0], [7, 51, 29.363950885199763], [7, 51, 29.22381970415171], [15, 12, -23.50720260513118], [5, 52, 29.519438472673507], [7, 51, 29.0571461349843], [5, 52, 29.235935269080635], [5, 52, 28.964243212928714], [5, 52, 29.05964162234509], [5, 52, 29.075518651346087], [7, 51, 28.249061330308756], [5, 52, 29.09449789015602], [5, 52, 29.1129923343792], [5, 52, 29.131742796311755], [7, 51, 26.383094023583936], [5, 52, 29.158652912550153], [7, 51, 27.215101560866238], [7, 51, 27.30595118757295], [7, 51, 27.313404448341707], [7, 51, 27.32476820045087], [5, 52, 29.236765080468516], [7, 51, 27.357112051187684], [7, 51, 27.377252623908227], [7, 51, 27.3999282772331], [7, 51, 27.42487511597882], [5, 52, 29.322188005867176], [7, 51, 27.494297300341742], [7, 51, 27.54759022229404], [7, 51, 27.620155621307894], [5, 52, 29.386510678517503], [7, 51, 27.703724957651986], [5, 53, 29.44218913542855], [5, 52, 29.50710147775657], [5, 52, 29.395602985601187], [5, 52, 29.418691349898147], [7, 51, 27.88580129358227], [5, 52, 29.46010152113967], [7, 51, 28.0030594915196], [5, 52, 29.504771243439407], [7, 51, 28.10440304986048], [7, 51, 28.151668677616293], [7, 51, 28.199722829377436], [7, 51, 28.254429616269967], [7, 51, 28.35329858670454], [7, 51, 28.541846823773767], [7, 51, 28.764900952266345], [7, 51, 28.74818174294898], [7, 51, 28.7814654419498], [5, 52, 29.638073128647008], [7, 51, 28.86785509687396], [8, 51, 28.73434053782467], [7, 49, 28.33495158078661], [7, 50, 25.498244913103562], [39, 32, -30.0], [7, 48, 30.0], [5, 52, 29.742399673589233], [7, 49, 30.0], [37, 8, 15.939622971191206], [5, 52, 29.849250032075844], [5, 52, 29.854419804004323], [5, 92, 21.105538087332228], [10, 95, -15.15909975209962], [5, 52, 29.968945791255827], [5, 52, 29.883265854137747], [9, 89, 2.0023827446472637], [32, 50, -6.2883692848507735], [5, 52, 29.85497034388431], [16, 52, -21.39437387258068], [0, 44, -25.518070795105054], [5, 52, 29.859592325294358], [35, 35, 18.47230358653411], [1, 44, -0.438710606076647], [25, 88, -2.5910306198590547], [9, 41, -8.947879621609967], [9, 95, 17.16215532487483], [5, 52, 29.77431881175709], [10, 18, 9.493946936712625], [7, 49, 29.989623467842158], [5, 52, 29.813828259893143], [28, 45, 10.768539017673334], [7, 49, 29.9979009842817], [5, 52, 29.995802434863492], [5, 52, 29.996764591852568], [5, 52, 29.95396363247486], [5, 52, 29.986776121459634], [20, 84, 0.5474761407782438], [38, 23, -25.617304586302996], [9, 22, -2.2605389385061336], [20, 51, 2.1776447187210266], [7, 49, 29.993836161616997], [7, 73, 29.79041183765267], [5, 52, 29.922356557085422], [28, 54, -5.7893071902051005], [5, 52, 29.918567259280806], [15, 89, -29.920499344126345], [28, 39, 7.206329512681215], [5, 52, 29.892792046780826], [5, 52, 29.91776376256113], [5, 52, 29.93818501248439], [13, 89, 17.031330787812237], [5, 52, 29.938769491029177], [5, 52, 29.962235813696694], [28, 59, -26.976965464244444], [5, 52, 29.967834027577965], [14, 53, -8.564817334857267], [5, 52, 29.97232578052364], [5, 52, 29.99905125310763], [13, 1, 5.543387389925563], [13, 31, 27.569260725867693], [5, 52, 29.982795282395458], [10, 71, 11.048872442963102], [5, 52, 29.989202859890767], [0, 34, -1.7756539181734396], [5, 52, 29.99498670370366], [9, 89, -1.457919370823145], [7, 49, 29.99547397034612], [32, 14, -4.6289638629799335], [7, 49, 29.991891331636765], [5, 52, 29.999939171376695], [7, 17, -5.061357566191486], [7, 49, 29.999602817189775], [1, 44, -0.438710606076647], [25, 88, -2.5910306198590547], [5, 52, 29.96696410306724], [7, 49, 29.98727583004316], [9, 26, 0.6074161172271033], [5, 52, 29.989324549406355], [7, 49, 29.995547720566847], [30, 66, 14.343954907098265], [7, 49, 29.99278561628755], [11, 56, -11.934375461808823], [23, 14, -10.927499400915579], [5, 52, 29.984040382752703], [21, 2, 10.600203374709004], [28, 1, -15.626223197083903], [29, 51, 21.680887370031492], [5, 52, 29.991795962906565], [17, 12, -12.14883787370702], [7, 49, 29.892687422319973], [5, 68, -8.203935439895151], [20, 66, 23.28209193886159], [5, 52, 29.996713252016853], [7, 49, 29.47699837220148], [7, 49, 29.67097980496849], [7, 49, 29.4229630827543], [3, 35, 7.004766982525048], [32, 30, 28.420147383630727], [32, 31, 27.967844779420787], [32, 29, 28.783658246660046], [32, 28, 28.99709017690597], [32, 29, 30.0], [32, 29, 25.888852268269005], [32, 29, 28.556653584059298]]
 output
 [ 99.79631461  99.57738752  96.23897849  99.79612552 100.01082339
  99.75146755  99.41500096  99.79654529  99.82351577  99.95527446
  96.4115196   99.0754331   96.94608243  98.39153371  99.33290138
  97.39214089  99.83957182 100.84516737  98.01763391  97.7834074
  95.77288164  99.7671695   99.6127233   95.67538494 100.02528597
 100.27916812 100.82863822  97.80626052  97.54258308  98.66372843
  94.07852444 100.70609153  94.08788788  99.89977932  96.67204387
  98.30149929  95.24729379 100.1105751   95.81887498  96.43659329
  97.02661482  97.42026058  94.373069    99.23731213  95.2457857
  95.242646   100.29801042  94.09680091  95.23681519  95.23137912
  98.59125366  94.0199751   95.21786188  93.98295708  93.96804101
  93.96817567  93.96890636  95.13997977  93.96969687  93.97099799
  93.97235458  95.0320596   93.97512714  95.05263306  95.05935876
  95.05981683  95.06046519  93.98305735  95.06260015  95.0639795
  95.06550926  95.06791069  93.99392077  95.07281981  95.07744357
  95.08268114  94.00133655  95.08978189  94.56112803  94.01821379
  94.00290498  94.00654585  95.10706316  94.01230918  95.11988251
  94.0189562   95.12794591  95.13257136  95.13704226  95.14029194
  95.14615068  95.15852405  95.1802643   95.17917238  95.18159733
  94.04096196  95.18574629 101.4535173   94.56891453  95.05145748
  95.42854108  95.31806196  94.05845693  94.55416332 100.54664614
  94.07444733  94.07543724  99.97706453  99.88234305  94.09138444
  94.08066895 100.02496558  99.10254415  94.07552057 100.1698847
 101.68944144  94.07625815 100.57750121 100.00622397 100.02726723
  99.37918138 100.1856595   94.06278058 101.02341266  94.55388956
  94.06964919  99.15581036  94.55402298  94.09590525  94.09617022
  94.08889624  94.09414329 100.00169018  99.86380751  99.97715865
 100.05776762  94.55404686  99.97414543  94.08384417  99.64902231
  94.08336617  99.76959704  99.81169927  94.08210452  94.08322539
  94.08616652  99.99235513  94.08626675  94.09021617 100.08495304
  94.09119135 100.13550142  94.09203228  94.09661486 100.64164006
  99.18898584  94.09346846 100.24884136  94.09469998  99.87122919
  94.09575183  99.98386446  94.55387055  99.40420201  94.55391843
  94.09678926 100.06751193  94.55413632 100.00622397 100.02726723
  94.09103896  94.55373546  99.97668752  94.09472113  94.55387552
 100.31376312  94.5539772   99.98710303  97.19350748  94.09368663
 104.27584976  98.74926941  99.33185556  94.09516091 102.62591696
  94.54640211 100.24890787  99.9034983   94.0961601   94.54804191
  94.54224054  94.54708583  99.89314122  91.78823765  95.3999118
  87.46137015  95.03131241  90.04553615  94.73107648  87.53080144]
最小値:87.46137014566494
入力値:[32, 29, 28.783658246660046]
経過時間:320.3334984779358sec
num_evaluation of BBF = 200.0
 input
[[35, 17, 21.33725690013886], [24, 57, -21.512149582978584], [9, 67, 24.190711424406565], [25, 0, 4.341389475610811], [14, 58, -6.494028301238735], [32, 59, -14.011573324727985], [25, 78, -28.858515345017327], [2, 91, -3.2190481544291565], [17, 6, -19.448326005948104], [34, 81, 25.50918975229957], [5, 26, -29.997268144493283], [17, 96, 24.901991177197246], [30, 26, 29.92659885079111], [1, 0, 25.254647733455748], [1, 36, -21.255549516904594]]
 output
 [ 97.74972239  99.48637064  99.89850382 100.55642888  99.1773709
  99.67743799 100.23513988  99.94705217  96.08627509 100.11350295
  98.62272198 100.05485581  99.12184762 100.20333355  96.56761985]
最小値:96.0862750882708
入力値:[17, 6, -19.448326005948104]
経過時間:69.04452705383301sec
num_evaluation of BBF = 15.0
 input
[[35, 17, 21.33725690013886], [24, 57, -21.512149582978584], [9, 67, 24.190711424406565], [25, 0, 4.341389475610811], [14, 58, -6.494028301238735], [32, 59, -14.011573324727985], [25, 78, -28.858515345017327], [2, 91, -3.2190481544291565], [17, 6, -19.448326005948104], [34, 81, 25.50918975229957], [5, 26, -29.997268144493283], [17, 96, 24.901991177197246], [30, 26, 29.92659885079111], [1, 0, 25.254647733455748], [1, 36, -21.255549516904594], [1, 15, -29.893721013818787], [39, 37, 28.47016628529242], [39, 38, 26.812603194476097], [39, 27, -29.749723054806143], [39, 46, -30.0], [2, 37, -30.0], [39, 35, 18.071014535484345], [39, 36, 30.0], [17, 1, -26.771911441506195], [17, 10, -12.96357149083304], [39, 36, 28.328664150011647], [39, 35, 27.24485590225973], [39, 34, 26.98604250983098], [39, 33, 27.05335186273394], [39, 35, 26.40094021992971]]
 output
 [ 97.74972239  99.48637064  99.89850382 100.55642888  99.1773709
  99.67743799 100.23513988  99.94705217  96.08627509 100.11350295
  98.62272198 100.05485581  99.12184762 100.20333355  96.56761985
  99.12171733  94.80285668  95.41335642  96.3361517  100.50047878
 100.55288346  97.88203458  94.54216524  98.61377959 102.02469592
  93.92757291  92.85280628  91.3813179   94.45320458  92.564747  ]
最小値:91.38131789739181
入力値:[39, 34, 26.98604250983098]
経過時間:72.6309642791748sec
num_evaluation of BBF = 30.0
 input
[[35, 17, 21.33725690013886], [24, 57, -21.512149582978584], [9, 67, 24.190711424406565], [25, 0, 4.341389475610811], [14, 58, -6.494028301238735], [32, 59, -14.011573324727985], [25, 78, -28.858515345017327], [2, 91, -3.2190481544291565], [17, 6, -19.448326005948104], [34, 81, 25.50918975229957], [5, 26, -29.997268144493283], [17, 96, 24.901991177197246], [30, 26, 29.92659885079111], [1, 0, 25.254647733455748], [1, 36, -21.255549516904594], [1, 15, -29.893721013818787], [39, 37, 28.47016628529242], [39, 38, 26.812603194476097], [39, 27, -29.749723054806143], [39, 46, -30.0], [2, 37, -30.0], [39, 35, 18.071014535484345], [39, 36, 30.0], [17, 1, -26.771911441506195], [17, 10, -12.96357149083304], [39, 36, 28.328664150011647], [39, 35, 27.24485590225973], [39, 34, 26.98604250983098], [39, 33, 27.05335186273394], [39, 35, 26.40094021992971], [39, 34, 26.13550840608613], [39, 34, 25.225884434570872], [39, 34, 25.25533721903271], [39, 34, 25.2579530211175], [39, 34, 25.254204707394365], [39, 34, 25.245062764226986], [39, 34, 25.235934068156382], [39, 34, 25.23395091701512], [7, 34, 25.2122331864172], [39, 34, 25.236190263029542], [35, 34, 25.234533240948636], [39, 34, 25.230030091995538], [39, 44, 27.6059139753742], [39, 34, 25.234361069835487], [39, 34, 25.228570239367023], [39, 34, 25.227783215742377], [39, 34, 25.227320918628756], [19, 34, -28.736624467931883], [39, 1, -28.513496025341922], [0, 34, 0.2502635021853159]]
 output
 [ 97.74972239  99.48637064  99.89850382 100.55642888  99.1773709
  99.67743799 100.23513988  99.94705217  96.08627509 100.11350295
  98.62272198 100.05485581  99.12184762 100.20333355  96.56761985
  99.12171733  94.80285668  95.41335642  96.3361517  100.50047878
 100.55288346  97.88203458  94.54216524  98.61377959 102.02469592
  93.92757291  92.85280628  91.3813179   94.45320458  92.564747
  90.7380276   90.50885933  90.49645647  90.49567169  90.49657365
  90.50100598  90.50494866  90.50530962  99.40911533  90.50481625
 101.35782902  90.50690968  95.87214423  90.50515881  90.50748092
  90.50794145  90.50810752 100.32869234 100.61769042 100.0140933 ]
最小値:90.49567169033061
入力値:[39, 34, 25.2579530211175]
経過時間:100.8863878250122sec
num_evaluation of BBF = 50.0
 input
[[35, 17, 21.33725690013886], [24, 57, -21.512149582978584], [9, 67, 24.190711424406565], [25, 0, 4.341389475610811], [14, 58, -6.494028301238735], [32, 59, -14.011573324727985], [25, 78, -28.858515345017327], [2, 91, -3.2190481544291565], [17, 6, -19.448326005948104], [34, 81, 25.50918975229957], [5, 26, -29.997268144493283], [17, 96, 24.901991177197246], [30, 26, 29.92659885079111], [1, 0, 25.254647733455748], [1, 36, -21.255549516904594], [1, 15, -29.893721013818787], [39, 37, 28.47016628529242], [39, 38, 26.812603194476097], [39, 27, -29.749723054806143], [39, 46, -30.0], [2, 37, -30.0], [39, 35, 18.071014535484345], [39, 36, 30.0], [17, 1, -26.771911441506195], [17, 10, -12.96357149083304], [39, 36, 28.328664150011647], [39, 35, 27.24485590225973], [39, 34, 26.98604250983098], [39, 33, 27.05335186273394], [39, 35, 26.40094021992971], [39, 34, 26.13550840608613], [39, 34, 25.225884434570872], [39, 34, 25.25533721903271], [39, 34, 25.2579530211175], [39, 34, 25.254204707394365], [39, 34, 25.245062764226986], [39, 34, 25.235934068156382], [39, 34, 25.23395091701512], [7, 34, 25.2122331864172], [39, 34, 25.236190263029542], [35, 34, 25.234533240948636], [39, 34, 25.230030091995538], [39, 44, 27.6059139753742], [39, 34, 25.234361069835487], [39, 34, 25.228570239367023], [39, 34, 25.227783215742377], [39, 34, 25.227320918628756], [19, 34, -28.736624467931883], [39, 1, -28.513496025341922], [0, 34, 0.2502635021853159], [39, 34, 25.2339067244869], [39, 34, 25.227799364189643], [0, 62, -27.788573709882957], [39, 96, -17.472539353997288], [38, 52, 26.56337085362808], [39, 34, 25.236982345965878], [39, 34, 25.23065207385794], [12, 83, -29.482355669269428], [20, 72, 29.819467895106996], [22, 44, 28.335847351704707], [39, 34, 25.23647805493036], [27, 96, 3.426401103023572], [8, 14, 27.779330907747934], [2, 52, 29.597431257034465], [3, 52, 20.418375989722207], [39, 34, 25.23706165992965], [39, 34, 25.231249197842374], [1, 52, 30.0], [39, 34, 25.23082359542225], [39, 34, 25.226556189552646], [2, 55, 30.0], [39, 34, 25.228680912588544], [39, 34, 25.225781265601874], [39, 34, 25.22540936558059], [39, 34, 25.22466740124154], [39, 34, 25.224527684871823], [39, 34, 25.224557294561407], [2, 48, 30.0], [39, 34, 25.226361265768382], [39, 34, 25.225386290818058], [39, 34, 25.225110436956548], [31, 1, -29.117110416947348], [13, 32, 28.542847665628848], [39, 34, 25.23148089990577], [39, 34, 25.228864864071696], [39, 34, 25.227370907976017], [39, 34, 25.22714318846404], [8, 96, 28.477844304135992], [25, 26, -27.690292723419272], [11, 2, -24.28693074571126], [39, 34, 25.23043055894979], [39, 71, -27.260204823483356], [39, 34, 25.230617322216254], [5, 73, -24.928464440677043], [28, 69, 29.728433970596747], [22, 96, -2.6661999652750303], [21, 17, 29.067823778785012], [39, 34, 25.232984614511295], [5, 0, -29.92698401030789], [32, 96, -27.82417875236591]]
 output
 [ 97.74972239  99.48637064  99.89850382 100.55642888  99.1773709
  99.67743799 100.23513988  99.94705217  96.08627509 100.11350295
  98.62272198 100.05485581  99.12184762 100.20333355  96.56761985
  99.12171733  94.80285668  95.41335642  96.3361517  100.50047878
 100.55288346  97.88203458  94.54216524  98.61377959 102.02469592
  93.92757291  92.85280628  91.3813179   94.45320458  92.564747
  90.7380276   90.50885933  90.49645647  90.49567169  90.49657365
  90.50100598  90.50494866  90.50530962  99.40911533  90.50481625
 101.35782902  90.50690968  95.87214423  90.50515881  90.50748092
  90.50794145  90.50810752 100.32869234 100.61769042 100.0140933
  90.50532613  90.5079356   99.59964183 100.00996778  99.5921532
  90.50450428  90.50672946  99.7137181  100.37463226  99.35373881
  90.50470539 100.00865735 101.37015809  94.02867762 100.51831633
  90.50447426  90.50631437  99.10235567  90.5063685   90.50834613
  96.08981602  90.50744466  90.50889363  90.50855679  90.50882318
  90.50886593  90.50885721 101.65407022  90.50840955  90.50856444
  90.50868616  98.1194978   99.06283748  90.50623543  90.50738195
  90.50809129  90.50813721 100.00352321  97.0668777  100.80292348
  90.50680437  99.19989835  90.50674043  99.53496274  99.06687362
  99.99863473 101.48350423  90.50565062  99.12494689  99.94617945]
最小値:90.49567169033061
入力値:[39, 34, 25.2579530211175]
経過時間:259.55454778671265sec
num_evaluation of BBF = 100.0
 input
[[35, 17, 21.33725690013886], [24, 57, -21.512149582978584], [9, 67, 24.190711424406565], [25, 0, 4.341389475610811], [14, 58, -6.494028301238735], [32, 59, -14.011573324727985], [25, 78, -28.858515345017327], [2, 91, -3.2190481544291565], [17, 6, -19.448326005948104], [34, 81, 25.50918975229957], [5, 26, -29.997268144493283], [17, 96, 24.901991177197246], [30, 26, 29.92659885079111], [1, 0, 25.254647733455748], [1, 36, -21.255549516904594], [1, 15, -29.893721013818787], [39, 37, 28.47016628529242], [39, 38, 26.812603194476097], [39, 27, -29.749723054806143], [39, 46, -30.0], [2, 37, -30.0], [39, 35, 18.071014535484345], [39, 36, 30.0], [17, 1, -26.771911441506195], [17, 10, -12.96357149083304], [39, 36, 28.328664150011647], [39, 35, 27.24485590225973], [39, 34, 26.98604250983098], [39, 33, 27.05335186273394], [39, 35, 26.40094021992971], [39, 34, 26.13550840608613], [39, 34, 25.225884434570872], [39, 34, 25.25533721903271], [39, 34, 25.2579530211175], [39, 34, 25.254204707394365], [39, 34, 25.245062764226986], [39, 34, 25.235934068156382], [39, 34, 25.23395091701512], [7, 34, 25.2122331864172], [39, 34, 25.236190263029542], [35, 34, 25.234533240948636], [39, 34, 25.230030091995538], [39, 44, 27.6059139753742], [39, 34, 25.234361069835487], [39, 34, 25.228570239367023], [39, 34, 25.227783215742377], [39, 34, 25.227320918628756], [19, 34, -28.736624467931883], [39, 1, -28.513496025341922], [0, 34, 0.2502635021853159], [39, 34, 25.2339067244869], [39, 34, 25.227799364189643], [0, 62, -27.788573709882957], [39, 96, -17.472539353997288], [38, 52, 26.56337085362808], [39, 34, 25.236982345965878], [39, 34, 25.23065207385794], [12, 83, -29.482355669269428], [20, 72, 29.819467895106996], [22, 44, 28.335847351704707], [39, 34, 25.23647805493036], [27, 96, 3.426401103023572], [8, 14, 27.779330907747934], [2, 52, 29.597431257034465], [3, 52, 20.418375989722207], [39, 34, 25.23706165992965], [39, 34, 25.231249197842374], [1, 52, 30.0], [39, 34, 25.23082359542225], [39, 34, 25.226556189552646], [2, 55, 30.0], [39, 34, 25.228680912588544], [39, 34, 25.225781265601874], [39, 34, 25.22540936558059], [39, 34, 25.22466740124154], [39, 34, 25.224527684871823], [39, 34, 25.224557294561407], [2, 48, 30.0], [39, 34, 25.226361265768382], [39, 34, 25.225386290818058], [39, 34, 25.225110436956548], [31, 1, -29.117110416947348], [13, 32, 28.542847665628848], [39, 34, 25.23148089990577], [39, 34, 25.228864864071696], [39, 34, 25.227370907976017], [39, 34, 25.22714318846404], [8, 96, 28.477844304135992], [25, 26, -27.690292723419272], [11, 2, -24.28693074571126], [39, 34, 25.23043055894979], [39, 71, -27.260204823483356], [39, 34, 25.230617322216254], [5, 73, -24.928464440677043], [28, 69, 29.728433970596747], [22, 96, -2.6661999652750303], [21, 17, 29.067823778785012], [39, 34, 25.232984614511295], [5, 0, -29.92698401030789], [32, 96, -27.82417875236591], [39, 34, 25.234534461370103], [39, 34, 25.23222616732322], [10, 44, -29.713159861655292], [28, 43, -28.303814548455072], [17, 79, -29.49645674621516], [39, 34, 25.23680791872173], [39, 34, 25.23502617442326], [39, 34, 25.23304208554533], [19, 57, -21.15438842443666], [17, 44, 28.171376302529303], [32, 35, -29.828867797548007], [6, 48, -28.83734677101753], [10, 24, -29.253317121002407], [39, 34, 25.23908786555512], [39, 34, 25.237759285305053], [39, 34, 25.23644564171199], [39, 34, 25.234815950361543], [14, 0, 26.18215221919752], [21, 1, -27.67235493515155], [21, 0, -29.999991417457736], [21, 0, -30.0], [17, 60, -24.640102445907715], [25, 6, -9.152120742882815], [16, 28, -22.456007190843785], [2, 42, 28.461672335993825], [28, 4, 8.753265550852717], [33, 35, -15.301478660854796], [28, 66, -15.47683447555897], [31, 56, 19.27555850379762], [21, 0, -29.93950729759505], [21, 1, -30.0], [21, 1, -26.20043826316083], [21, 2, -26.801762089979132], [21, 2, -26.838216693435747], [21, 2, -27.490952290504016], [21, 2, -27.324033302116376], [21, 2, -27.8818973398528], [21, 2, -27.727712834035014], [21, 2, -28.197852250240405], [21, 2, -28.073613449873182], [21, 2, -28.430735880781977], [21, 2, -28.14545224905784], [21, 2, -28.141170531535376], [21, 2, -28.140444139953075], [21, 2, -28.140071429105433], [21, 2, -28.139717747326113], [21, 2, -28.139484712093367], [21, 3, -28.13924175626408], [21, 2, -28.188149872479997], [21, 2, -28.19811780560479]]
 output
 [ 97.74972239  99.48637064  99.89850382 100.55642888  99.1773709
  99.67743799 100.23513988  99.94705217  96.08627509 100.11350295
  98.62272198 100.05485581  99.12184762 100.20333355  96.56761985
  99.12171733  94.80285668  95.41335642  96.3361517  100.50047878
 100.55288346  97.88203458  94.54216524  98.61377959 102.02469592
  93.92757291  92.85280628  91.3813179   94.45320458  92.564747
  90.7380276   90.50885933  90.49645647  90.49567169  90.49657365
  90.50100598  90.50494866  90.50530962  99.40911533  90.50481625
 101.35782902  90.50690968  95.87214423  90.50515881  90.50748092
  90.50794145  90.50810752 100.32869234 100.61769042 100.0140933
  90.50532613  90.5079356   99.59964183 100.00996778  99.5921532
  90.50450428  90.50672946  99.7137181  100.37463226  99.35373881
  90.50470539 100.00865735 101.37015809  94.02867762 100.51831633
  90.50447426  90.50631437  99.10235567  90.5063685   90.50834613
  96.08981602  90.50744466  90.50889363  90.50855679  90.50882318
  90.50886593  90.50885721 101.65407022  90.50840955  90.50856444
  90.50868616  98.1194978   99.06283748  90.50623543  90.50738195
  90.50809129  90.50813721 100.00352321  97.0668777  100.80292348
  90.50680437  99.19989835  90.50674043  99.53496274  99.06687362
  99.99863473 101.48350423  90.50565062  99.12494689  99.94617945
  90.50510131  90.50582882  95.87555336  98.99930241 100.14376215
  90.5045779   90.50507763  90.5056365   99.92976262  99.47756341
  98.79903032 100.83718583  99.19427034  90.50408649  90.50426824
  90.50471712  90.50499484 111.63989434  89.72960344  88.6215184
  88.62149724  99.87448285 100.62304222 100.09275308  99.25058899
  99.93444226  94.24973137  99.82167028  98.48877966  88.91026749
  96.28562528  89.75033534  88.94641743  88.68267993  86.97644072
  87.40989439  86.61012873  86.88747776  86.32784784  86.50978366
  86.67176914  86.43955739  86.45300449  86.45535858  86.45656907
  86.45774145  86.45854301  97.65696533  86.33657816  86.32601853]
最小値:86.32601853419402
入力値:[21, 2, -28.19811780560479]
経過時間:288.92292046546936sec
num_evaluation of BBF = 150.0
 input
[[35, 17, 21.33725690013886], [24, 57, -21.512149582978584], [9, 67, 24.190711424406565], [25, 0, 4.341389475610811], [14, 58, -6.494028301238735], [32, 59, -14.011573324727985], [25, 78, -28.858515345017327], [2, 91, -3.2190481544291565], [17, 6, -19.448326005948104], [34, 81, 25.50918975229957], [5, 26, -29.997268144493283], [17, 96, 24.901991177197246], [30, 26, 29.92659885079111], [1, 0, 25.254647733455748], [1, 36, -21.255549516904594], [1, 15, -29.893721013818787], [39, 37, 28.47016628529242], [39, 38, 26.812603194476097], [39, 27, -29.749723054806143], [39, 46, -30.0], [2, 37, -30.0], [39, 35, 18.071014535484345], [39, 36, 30.0], [17, 1, -26.771911441506195], [17, 10, -12.96357149083304], [39, 36, 28.328664150011647], [39, 35, 27.24485590225973], [39, 34, 26.98604250983098], [39, 33, 27.05335186273394], [39, 35, 26.40094021992971], [39, 34, 26.13550840608613], [39, 34, 25.225884434570872], [39, 34, 25.25533721903271], [39, 34, 25.2579530211175], [39, 34, 25.254204707394365], [39, 34, 25.245062764226986], [39, 34, 25.235934068156382], [39, 34, 25.23395091701512], [7, 34, 25.2122331864172], [39, 34, 25.236190263029542], [35, 34, 25.234533240948636], [39, 34, 25.230030091995538], [39, 44, 27.6059139753742], [39, 34, 25.234361069835487], [39, 34, 25.228570239367023], [39, 34, 25.227783215742377], [39, 34, 25.227320918628756], [19, 34, -28.736624467931883], [39, 1, -28.513496025341922], [0, 34, 0.2502635021853159], [39, 34, 25.2339067244869], [39, 34, 25.227799364189643], [0, 62, -27.788573709882957], [39, 96, -17.472539353997288], [38, 52, 26.56337085362808], [39, 34, 25.236982345965878], [39, 34, 25.23065207385794], [12, 83, -29.482355669269428], [20, 72, 29.819467895106996], [22, 44, 28.335847351704707], [39, 34, 25.23647805493036], [27, 96, 3.426401103023572], [8, 14, 27.779330907747934], [2, 52, 29.597431257034465], [3, 52, 20.418375989722207], [39, 34, 25.23706165992965], [39, 34, 25.231249197842374], [1, 52, 30.0], [39, 34, 25.23082359542225], [39, 34, 25.226556189552646], [2, 55, 30.0], [39, 34, 25.228680912588544], [39, 34, 25.225781265601874], [39, 34, 25.22540936558059], [39, 34, 25.22466740124154], [39, 34, 25.224527684871823], [39, 34, 25.224557294561407], [2, 48, 30.0], [39, 34, 25.226361265768382], [39, 34, 25.225386290818058], [39, 34, 25.225110436956548], [31, 1, -29.117110416947348], [13, 32, 28.542847665628848], [39, 34, 25.23148089990577], [39, 34, 25.228864864071696], [39, 34, 25.227370907976017], [39, 34, 25.22714318846404], [8, 96, 28.477844304135992], [25, 26, -27.690292723419272], [11, 2, -24.28693074571126], [39, 34, 25.23043055894979], [39, 71, -27.260204823483356], [39, 34, 25.230617322216254], [5, 73, -24.928464440677043], [28, 69, 29.728433970596747], [22, 96, -2.6661999652750303], [21, 17, 29.067823778785012], [39, 34, 25.232984614511295], [5, 0, -29.92698401030789], [32, 96, -27.82417875236591], [39, 34, 25.234534461370103], [39, 34, 25.23222616732322], [10, 44, -29.713159861655292], [28, 43, -28.303814548455072], [17, 79, -29.49645674621516], [39, 34, 25.23680791872173], [39, 34, 25.23502617442326], [39, 34, 25.23304208554533], [19, 57, -21.15438842443666], [17, 44, 28.171376302529303], [32, 35, -29.828867797548007], [6, 48, -28.83734677101753], [10, 24, -29.253317121002407], [39, 34, 25.23908786555512], [39, 34, 25.237759285305053], [39, 34, 25.23644564171199], [39, 34, 25.234815950361543], [14, 0, 26.18215221919752], [21, 1, -27.67235493515155], [21, 0, -29.999991417457736], [21, 0, -30.0], [17, 60, -24.640102445907715], [25, 6, -9.152120742882815], [16, 28, -22.456007190843785], [2, 42, 28.461672335993825], [28, 4, 8.753265550852717], [33, 35, -15.301478660854796], [28, 66, -15.47683447555897], [31, 56, 19.27555850379762], [21, 0, -29.93950729759505], [21, 1, -30.0], [21, 1, -26.20043826316083], [21, 2, -26.801762089979132], [21, 2, -26.838216693435747], [21, 2, -27.490952290504016], [21, 2, -27.324033302116376], [21, 2, -27.8818973398528], [21, 2, -27.727712834035014], [21, 2, -28.197852250240405], [21, 2, -28.073613449873182], [21, 2, -28.430735880781977], [21, 2, -28.14545224905784], [21, 2, -28.141170531535376], [21, 2, -28.140444139953075], [21, 2, -28.140071429105433], [21, 2, -28.139717747326113], [21, 2, -28.139484712093367], [21, 3, -28.13924175626408], [21, 2, -28.188149872479997], [21, 2, -28.19811780560479], [21, 2, -28.19429114114166], [21, 2, -28.185478672517288], [21, 2, -28.186601435882636], [21, 2, -28.186552106570804], [21, 2, -28.18579793272595], [21, 2, -28.18486116126595], [21, 2, -28.183462832300112], [21, 2, -28.181676978570835], [21, 2, -28.17886643244151], [21, 2, -28.174888820779334], [21, 2, -28.17029759096574], [21, 2, -28.166230324541576], [21, 2, -28.16445706974522], [21, 2, -28.16421594036663], [21, 2, -28.16433733282995], [21, 2, -28.164452492452725], [21, 2, -28.164473539987934], [21, 2, -28.16439694030403], [21, 2, -28.164244146327462], [21, 2, -28.16403079763311], [21, 2, -28.16373857813492], [21, 2, -28.163358284124946], [21, 2, -28.162856365592017], [21, 2, -28.168616303303843], [39, 33, 24.716222719397877], [21, 2, -28.160697347547806], [21, 2, -28.15931689601214], [21, 2, -28.157552931051953], [21, 2, -28.211126688919393], [21, 2, -28.155290524145734], [22, 2, -28.152249360634283], [21, 2, -27.174839602865447], [21, 2, -28.153008864054712], [21, 2, -28.149914979593884], [21, 2, -28.146262599626457], [21, 2, -28.142960211986438], [21, 2, -28.140333452583132], [21, 2, -28.14526564776682], [20, 2, -27.813671083090853], [22, 0, -30.0], [8, 25, 11.759664429815487], [2, 67, 15.164970611402303], [22, 0, -26.299118127585384], [22, 0, -25.575714085965874], [25, 76, -26.026100905581533], [0, 26, 22.94624361389925], [35, 40, -10.865249003488781], [22, 0, -25.942596290945616], [20, 95, 11.233503242349911], [3, 84, -2.0530501625461106]]
 output
 [ 97.74972239  99.48637064  99.89850382 100.55642888  99.1773709
  99.67743799 100.23513988  99.94705217  96.08627509 100.11350295
  98.62272198 100.05485581  99.12184762 100.20333355  96.56761985
  99.12171733  94.80285668  95.41335642  96.3361517  100.50047878
 100.55288346  97.88203458  94.54216524  98.61377959 102.02469592
  93.92757291  92.85280628  91.3813179   94.45320458  92.564747
  90.7380276   90.50885933  90.49645647  90.49567169  90.49657365
  90.50100598  90.50494866  90.50530962  99.40911533  90.50481625
 101.35782902  90.50690968  95.87214423  90.50515881  90.50748092
  90.50794145  90.50810752 100.32869234 100.61769042 100.0140933
  90.50532613  90.5079356   99.59964183 100.00996778  99.5921532
  90.50450428  90.50672946  99.7137181  100.37463226  99.35373881
  90.50470539 100.00865735 101.37015809  94.02867762 100.51831633
  90.50447426  90.50631437  99.10235567  90.5063685   90.50834613
  96.08981602  90.50744466  90.50889363  90.50855679  90.50882318
  90.50886593  90.50885721 101.65407022  90.50840955  90.50856444
  90.50868616  98.1194978   99.06283748  90.50623543  90.50738195
  90.50809129  90.50813721 100.00352321  97.0668777  100.80292348
  90.50680437  99.19989835  90.50674043  99.53496274  99.06687362
  99.99863473 101.48350423  90.50565062  99.12494689  99.94617945
  90.50510131  90.50582882  95.87555336  98.99930241 100.14376215
  90.5045779   90.50507763  90.5056365   99.92976262  99.47756341
  98.79903032 100.83718583  99.19427034  90.50408649  90.50426824
  90.50471712  90.50499484 111.63989434  89.72960344  88.6215184
  88.62149724  99.87448285 100.62304222 100.09275308  99.25058899
  99.93444226  94.24973137  99.82167028  98.48877966  88.91026749
  96.28562528  89.75033534  88.94641743  88.68267993  86.97644072
  87.40989439  86.61012873  86.88747776  86.32784784  86.50978366
  86.67176914  86.43955739  86.45300449  86.45535858  86.45656907
  86.45774145  86.45854301  97.65696533  86.33657816  86.32601853
  86.3457729   86.32636536  86.32756636  86.32744507  86.32647049
  86.32707964  86.33118954  86.34075058  86.35519829  86.372783
  86.39124448  86.41549604  86.42286599  86.42373858  86.42332142
  86.42288392  86.42280211  86.42310146  86.4236509   86.42430469
  86.42507178  86.42587394  86.4267798   86.40144293  97.37968687
  86.42907891  86.4310322   86.4342977   86.25107034  86.43652242
  93.6096762   87.97305174  86.43555135  86.43396394  86.43773983
  86.44746988  86.45574538  86.43994815  92.37917007  82.1989957
  99.42138625  99.3903581   84.3085842   84.33247876 100.27907349
 101.26534406  94.26318646  83.73881638 100.18358064  99.99451967]
最小値:82.1989956997589
入力値:[22, 0, -30.0]
経過時間:321.3558533191681sec
num_evaluation of BBF = 200.0
 input
[[2, 80, -8.175786173964632], [38, 9, -6.195803687315642], [14, 47, 29.449255848402345], [32, 62, 19.168367583144864], [9, 73, -23.345954295656178], [8, 11, 22.67418427562174], [20, 47, 13.912266015627594], [1, 9, 19.59325492124139], [33, 86, 27.48081026849026], [22, 9, 29.75933478369113], [20, 4, 17.4617683506606], [4, 13, 30.0], [13, 8, 30.0], [36, 0, 27.529007223481152], [36, 8, 29.375880861626705]]
 output
 [ 99.85630047  99.95992081  99.80509961  99.69041149  99.9815703
  95.59844426  99.7126817  100.04556708 100.79687968  88.4905027
 104.00778017  94.9429632   95.94783905 100.25603485 101.89454622]
最小値:88.49050269600497
入力値:[22, 9, 29.75933478369113]
経過時間:70.70927381515503sec
num_evaluation of BBF = 15.0
 input
[[2, 80, -8.175786173964632], [38, 9, -6.195803687315642], [14, 47, 29.449255848402345], [32, 62, 19.168367583144864], [9, 73, -23.345954295656178], [8, 11, 22.67418427562174], [20, 47, 13.912266015627594], [1, 9, 19.59325492124139], [33, 86, 27.48081026849026], [22, 9, 29.75933478369113], [20, 4, 17.4617683506606], [4, 13, 30.0], [13, 8, 30.0], [36, 0, 27.529007223481152], [36, 8, 29.375880861626705], [21, 9, 26.923502852186232], [23, 10, 26.391774072417626], [23, 8, 7.856282561101672], [21, 7, 30.0], [21, 0, 30.0], [20, 8, 30.0], [21, 8, 30.0], [25, 19, 30.0], [23, 6, 30.0], [23, 10, 30.0], [15, 7, 30.0], [38, 26, 26.225131556526343], [17, 90, -7.02623281195903], [11, 56, 25.766156482666382], [10, 43, 4.608201943068977]]
 output
 [ 99.85630047  99.95992081  99.80509961  99.69041149  99.9815703
  95.59844426  99.7126817  100.04556708 100.79687968  88.4905027
 104.00778017  94.9429632   95.94783905 100.25603485 101.89454622
  91.43424614  94.64573602 100.86345307  87.79896425  97.22579685
  97.34094732  97.02144132 100.57091495  91.53027668  93.01859191
  91.83257654 100.71174777 100.04297506 100.9004486   99.86097831]
最小値:87.79896424969796
入力値:[21, 7, 30.0]
経過時間:70.40206289291382sec
num_evaluation of BBF = 30.0
 input
[[2, 80, -8.175786173964632], [38, 9, -6.195803687315642], [14, 47, 29.449255848402345], [32, 62, 19.168367583144864], [9, 73, -23.345954295656178], [8, 11, 22.67418427562174], [20, 47, 13.912266015627594], [1, 9, 19.59325492124139], [33, 86, 27.48081026849026], [22, 9, 29.75933478369113], [20, 4, 17.4617683506606], [4, 13, 30.0], [13, 8, 30.0], [36, 0, 27.529007223481152], [36, 8, 29.375880861626705], [21, 9, 26.923502852186232], [23, 10, 26.391774072417626], [23, 8, 7.856282561101672], [21, 7, 30.0], [21, 0, 30.0], [20, 8, 30.0], [21, 8, 30.0], [25, 19, 30.0], [23, 6, 30.0], [23, 10, 30.0], [15, 7, 30.0], [38, 26, 26.225131556526343], [17, 90, -7.02623281195903], [11, 56, 25.766156482666382], [10, 43, 4.608201943068977], [6, 78, -10.665249702883592], [12, 26, -16.80908235579782], [36, 80, 28.96646639814756], [39, 4, -17.9529374173856], [6, 78, 1.9148721329549616], [7, 87, 21.794513310642856], [28, 83, -26.88176780110533], [1, 19, 19.358556899005627], [16, 81, -1.5827536132517892], [15, 13, 28.584693380306362], [21, 3, 2.4880249919407547], [7, 42, -15.33753676907923], [30, 64, -22.42220412052016], [37, 34, 29.75165902213115], [20, 39, -24.712727907775083], [32, 1, -18.05896324879557], [38, 48, -22.737062056298612], [39, 63, -10.536747150717936], [2, 32, 26.537409111891726], [24, 74, 6.951881314021968]]
 output
 [ 99.85630047  99.95992081  99.80509961  99.69041149  99.9815703
  95.59844426  99.7126817  100.04556708 100.79687968  88.4905027
 104.00778017  94.9429632   95.94783905 100.25603485 101.89454622
  91.43424614  94.64573602 100.86345307  87.79896425  97.22579685
  97.34094732  97.02144132 100.57091495  91.53027668  93.01859191
  91.83257654 100.71174777 100.04297506 100.9004486   99.86097831
  99.95968458  99.30715069 100.2347896   99.22691604  99.98354356
  99.78234975 100.12562535  98.3271299  100.01107709 102.91157898
 100.43055875  98.95270175  99.96922208  97.50601233 100.14012105
  99.94423552 101.40710953  99.89124234  97.85686763 100.05403603]
最小値:87.79896424969796
入力値:[21, 7, 30.0]
経過時間:99.42671179771423sec
num_evaluation of BBF = 50.0
 input
[[2, 80, -8.175786173964632], [38, 9, -6.195803687315642], [14, 47, 29.449255848402345], [32, 62, 19.168367583144864], [9, 73, -23.345954295656178], [8, 11, 22.67418427562174], [20, 47, 13.912266015627594], [1, 9, 19.59325492124139], [33, 86, 27.48081026849026], [22, 9, 29.75933478369113], [20, 4, 17.4617683506606], [4, 13, 30.0], [13, 8, 30.0], [36, 0, 27.529007223481152], [36, 8, 29.375880861626705], [21, 9, 26.923502852186232], [23, 10, 26.391774072417626], [23, 8, 7.856282561101672], [21, 7, 30.0], [21, 0, 30.0], [20, 8, 30.0], [21, 8, 30.0], [25, 19, 30.0], [23, 6, 30.0], [23, 10, 30.0], [15, 7, 30.0], [38, 26, 26.225131556526343], [17, 90, -7.02623281195903], [11, 56, 25.766156482666382], [10, 43, 4.608201943068977], [6, 78, -10.665249702883592], [12, 26, -16.80908235579782], [36, 80, 28.96646639814756], [39, 4, -17.9529374173856], [6, 78, 1.9148721329549616], [7, 87, 21.794513310642856], [28, 83, -26.88176780110533], [1, 19, 19.358556899005627], [16, 81, -1.5827536132517892], [15, 13, 28.584693380306362], [21, 3, 2.4880249919407547], [7, 42, -15.33753676907923], [30, 64, -22.42220412052016], [37, 34, 29.75165902213115], [20, 39, -24.712727907775083], [32, 1, -18.05896324879557], [38, 48, -22.737062056298612], [39, 63, -10.536747150717936], [2, 32, 26.537409111891726], [24, 74, 6.951881314021968], [6, 78, -10.665249702883592], [12, 26, -16.80908235579782], [36, 80, 28.96646639814756], [39, 4, -17.9529374173856], [6, 78, 1.9148721329549616], [7, 87, 21.794513310642856], [28, 83, -26.88176780110533], [1, 19, 19.358556899005627], [16, 81, -1.5827536132517892], [8, 52, -19.492041714490334], [11, 15, -5.941872655493839], [18, 94, -1.8486949537501047], [35, 80, 12.415182155154511], [32, 65, 6.767130212257989], [25, 18, 21.741983614694874], [24, 10, -8.831404560198525], [33, 8, -27.050631324261186], [35, 64, 6.154578965540168], [14, 37, -17.237824687317726], [2, 46, -26.186478527400983], [11, 5, -12.07903453183625], [27, 55, -13.433954545117299], [16, 51, 29.597438295080956], [34, 75, -20.43682935569676], [34, 17, 7.969475869030404], [27, 34, 28.795460628147268], [17, 67, 8.903821149287381], [35, 61, -28.06772375697559], [20, 71, -27.033683844312417], [29, 92, -13.397105934923381], [26, 47, -15.40197347363977], [9, 75, 23.35540650974003], [13, 59, 19.74753167281834], [19, 61, 5.922851109487667], [25, 84, 21.090721839063995], [37, 31, -12.513493248430219], [17, 74, -5.2481444464351625], [21, 48, -20.532544083564822], [5, 27, -26.05371558731208], [6, 10, 2.269259257139012], [36, 95, -25.603153284650595], [31, 62, -26.050292308157445], [15, 10, -25.128961375062442], [5, 82, 18.43134328372512], [13, 18, -27.57122046979137], [29, 67, -13.487063497831596], [25, 23, -23.761187165280788], [0, 83, 27.664938173520248], [21, 94, 24.416694334928643], [19, 16, -27.277922835287875]]
 output
 [ 99.85630047  99.95992081  99.80509961  99.69041149  99.9815703
  95.59844426  99.7126817  100.04556708 100.79687968  88.4905027
 104.00778017  94.9429632   95.94783905 100.25603485 101.89454622
  91.43424614  94.64573602 100.86345307  87.79896425  97.22579685
  97.34094732  97.02144132 100.57091495  91.53027668  93.01859191
  91.83257654 100.71174777 100.04297506 100.9004486   99.86097831
  99.95968458  99.30715069 100.2347896   99.22691604  99.98354356
  99.78234975 100.12562535  98.3271299  100.01107709 102.91157898
 100.43055875  98.95270175  99.96922208  97.50601233 100.14012105
  99.94423552 101.40710953  99.89124234  97.85686763 100.05403603
  99.95968458  99.30715069 100.2347896   99.22691604  99.98354356
  99.78234975 100.12562535  98.3271299  100.01107709  98.58382354
  99.86072577 100.00380818  99.6345355   99.97943514 100.28091352
  95.61392667  99.68802608 100.07825015  99.93225955 101.13522649
 100.24063281 100.26454937  98.92073404 100.00729173  99.82413108
  99.39348381  99.80332049  99.31939599 100.64543722 100.19981035
 100.5818335  100.55096866 100.25567895 100.22681211  99.1425984
  95.49582709  99.96891163  99.29143156 100.37992691  99.80355701
 100.49127508  99.71866684  97.17315504 100.13255373 100.63182467
 100.06222133  98.47666847 100.51753257 100.15403318 102.35019242]
最小値:87.79896424969796
入力値:[21, 7, 30.0]
経過時間:255.559805393219sec
num_evaluation of BBF = 100.0
 input
[[2, 80, -8.175786173964632], [38, 9, -6.195803687315642], [14, 47, 29.449255848402345], [32, 62, 19.168367583144864], [9, 73, -23.345954295656178], [8, 11, 22.67418427562174], [20, 47, 13.912266015627594], [1, 9, 19.59325492124139], [33, 86, 27.48081026849026], [22, 9, 29.75933478369113], [20, 4, 17.4617683506606], [4, 13, 30.0], [13, 8, 30.0], [36, 0, 27.529007223481152], [36, 8, 29.375880861626705], [21, 9, 26.923502852186232], [23, 10, 26.391774072417626], [23, 8, 7.856282561101672], [21, 7, 30.0], [21, 0, 30.0], [20, 8, 30.0], [21, 8, 30.0], [25, 19, 30.0], [23, 6, 30.0], [23, 10, 30.0], [15, 7, 30.0], [38, 26, 26.225131556526343], [17, 90, -7.02623281195903], [11, 56, 25.766156482666382], [10, 43, 4.608201943068977], [6, 78, -10.665249702883592], [12, 26, -16.80908235579782], [36, 80, 28.96646639814756], [39, 4, -17.9529374173856], [6, 78, 1.9148721329549616], [7, 87, 21.794513310642856], [28, 83, -26.88176780110533], [1, 19, 19.358556899005627], [16, 81, -1.5827536132517892], [15, 13, 28.584693380306362], [21, 3, 2.4880249919407547], [7, 42, -15.33753676907923], [30, 64, -22.42220412052016], [37, 34, 29.75165902213115], [20, 39, -24.712727907775083], [32, 1, -18.05896324879557], [38, 48, -22.737062056298612], [39, 63, -10.536747150717936], [2, 32, 26.537409111891726], [24, 74, 6.951881314021968], [6, 78, -10.665249702883592], [12, 26, -16.80908235579782], [36, 80, 28.96646639814756], [39, 4, -17.9529374173856], [6, 78, 1.9148721329549616], [7, 87, 21.794513310642856], [28, 83, -26.88176780110533], [1, 19, 19.358556899005627], [16, 81, -1.5827536132517892], [8, 52, -19.492041714490334], [11, 15, -5.941872655493839], [18, 94, -1.8486949537501047], [35, 80, 12.415182155154511], [32, 65, 6.767130212257989], [25, 18, 21.741983614694874], [24, 10, -8.831404560198525], [33, 8, -27.050631324261186], [35, 64, 6.154578965540168], [14, 37, -17.237824687317726], [2, 46, -26.186478527400983], [11, 5, -12.07903453183625], [27, 55, -13.433954545117299], [16, 51, 29.597438295080956], [34, 75, -20.43682935569676], [34, 17, 7.969475869030404], [27, 34, 28.795460628147268], [17, 67, 8.903821149287381], [35, 61, -28.06772375697559], [20, 71, -27.033683844312417], [29, 92, -13.397105934923381], [26, 47, -15.40197347363977], [9, 75, 23.35540650974003], [13, 59, 19.74753167281834], [19, 61, 5.922851109487667], [25, 84, 21.090721839063995], [37, 31, -12.513493248430219], [17, 74, -5.2481444464351625], [21, 48, -20.532544083564822], [5, 27, -26.05371558731208], [6, 10, 2.269259257139012], [36, 95, -25.603153284650595], [31, 62, -26.050292308157445], [15, 10, -25.128961375062442], [5, 82, 18.43134328372512], [13, 18, -27.57122046979137], [29, 67, -13.487063497831596], [25, 23, -23.761187165280788], [0, 83, 27.664938173520248], [21, 94, 24.416694334928643], [19, 16, -27.277922835287875], [6, 78, -10.665249702883592], [12, 26, -16.80908235579782], [36, 80, 28.96646639814756], [39, 4, -17.9529374173856], [6, 78, 1.9148721329549616], [7, 87, 21.794513310642856], [28, 83, -26.88176780110533], [1, 19, 19.358556899005627], [16, 81, -1.5827536132517892], [8, 52, -19.492041714490334], [11, 15, -5.941872655493839], [18, 94, -1.8486949537501047], [35, 80, 12.415182155154511], [32, 65, 6.767130212257989], [25, 18, 21.741983614694874], [24, 10, -8.831404560198525], [33, 8, -27.050631324261186], [35, 64, 6.154578965540168], [14, 37, -17.237824687317726], [2, 46, -26.186478527400983], [11, 5, -12.07903453183625], [27, 55, -13.433954545117299], [16, 51, 29.597438295080956], [34, 75, -20.43682935569676], [34, 17, 7.969475869030404], [27, 34, 28.795460628147268], [17, 67, 8.903821149287381], [35, 61, -28.06772375697559], [20, 71, -27.033683844312417], [29, 92, -13.397105934923381], [26, 47, -15.40197347363977], [9, 75, 23.35540650974003], [13, 59, 19.74753167281834], [19, 61, 5.922851109487667], [25, 84, 21.090721839063995], [37, 31, -12.513493248430219], [17, 74, -5.2481444464351625], [21, 48, -20.532544083564822], [5, 27, -26.05371558731208], [6, 10, 2.269259257139012], [36, 95, -25.603153284650595], [31, 62, -26.050292308157445], [15, 10, -25.128961375062442], [5, 82, 18.43134328372512], [13, 18, -27.57122046979137], [29, 67, -13.487063497831596], [25, 23, -23.761187165280788], [0, 83, 27.664938173520248], [21, 94, 24.416694334928643], [19, 16, -27.277922835287875]]
 output
 [ 99.85630047  99.95992081  99.80509961  99.69041149  99.9815703
  95.59844426  99.7126817  100.04556708 100.79687968  88.4905027
 104.00778017  94.9429632   95.94783905 100.25603485 101.89454622
  91.43424614  94.64573602 100.86345307  87.79896425  97.22579685
  97.34094732  97.02144132 100.57091495  91.53027668  93.01859191
  91.83257654 100.71174777 100.04297506 100.9004486   99.86097831
  99.95968458  99.30715069 100.2347896   99.22691604  99.98354356
  99.78234975 100.12562535  98.3271299  100.01107709 102.91157898
 100.43055875  98.95270175  99.96922208  97.50601233 100.14012105
  99.94423552 101.40710953  99.89124234  97.85686763 100.05403603
  99.95968458  99.30715069 100.2347896   99.22691604  99.98354356
  99.78234975 100.12562535  98.3271299  100.01107709  98.58382354
  99.86072577 100.00380818  99.6345355   99.97943514 100.28091352
  95.61392667  99.68802608 100.07825015  99.93225955 101.13522649
 100.24063281 100.26454937  98.92073404 100.00729173  99.82413108
  99.39348381  99.80332049  99.31939599 100.64543722 100.19981035
 100.5818335  100.55096866 100.25567895 100.22681211  99.1425984
  95.49582709  99.96891163  99.29143156 100.37992691  99.80355701
 100.49127508  99.71866684  97.17315504 100.13255373 100.63182467
 100.06222133  98.47666847 100.51753257 100.15403318 102.35019242
  99.95968458  99.30715069 100.2347896   99.22691604  99.98354356
  99.78234975 100.12562535  98.3271299  100.01107709  98.58382354
  99.86072577 100.00380818  99.6345355   99.97943514 100.28091352
  95.61392667  99.68802608 100.07825015  99.93225955 101.13522649
 100.24063281 100.26454937  98.92073404 100.00729173  99.82413108
  99.39348381  99.80332049  99.31939599 100.64543722 100.19981035
 100.5818335  100.55096866 100.25567895 100.22681211  99.1425984
  95.49582709  99.96891163  99.29143156 100.37992691  99.80355701
 100.49127508  99.71866684  97.17315504 100.13255373 100.63182467
 100.06222133  98.47666847 100.51753257 100.15403318 102.35019242]
最小値:87.79896424969796
入力値:[21, 7, 30.0]
経過時間:273.07240295410156sec
num_evaluation of BBF = 150.0
 input
[[2, 80, -8.175786173964632], [38, 9, -6.195803687315642], [14, 47, 29.449255848402345], [32, 62, 19.168367583144864], [9, 73, -23.345954295656178], [8, 11, 22.67418427562174], [20, 47, 13.912266015627594], [1, 9, 19.59325492124139], [33, 86, 27.48081026849026], [22, 9, 29.75933478369113], [20, 4, 17.4617683506606], [4, 13, 30.0], [13, 8, 30.0], [36, 0, 27.529007223481152], [36, 8, 29.375880861626705], [21, 9, 26.923502852186232], [23, 10, 26.391774072417626], [23, 8, 7.856282561101672], [21, 7, 30.0], [21, 0, 30.0], [20, 8, 30.0], [21, 8, 30.0], [25, 19, 30.0], [23, 6, 30.0], [23, 10, 30.0], [15, 7, 30.0], [38, 26, 26.225131556526343], [17, 90, -7.02623281195903], [11, 56, 25.766156482666382], [10, 43, 4.608201943068977], [6, 78, -10.665249702883592], [12, 26, -16.80908235579782], [36, 80, 28.96646639814756], [39, 4, -17.9529374173856], [6, 78, 1.9148721329549616], [7, 87, 21.794513310642856], [28, 83, -26.88176780110533], [1, 19, 19.358556899005627], [16, 81, -1.5827536132517892], [15, 13, 28.584693380306362], [21, 3, 2.4880249919407547], [7, 42, -15.33753676907923], [30, 64, -22.42220412052016], [37, 34, 29.75165902213115], [20, 39, -24.712727907775083], [32, 1, -18.05896324879557], [38, 48, -22.737062056298612], [39, 63, -10.536747150717936], [2, 32, 26.537409111891726], [24, 74, 6.951881314021968], [6, 78, -10.665249702883592], [12, 26, -16.80908235579782], [36, 80, 28.96646639814756], [39, 4, -17.9529374173856], [6, 78, 1.9148721329549616], [7, 87, 21.794513310642856], [28, 83, -26.88176780110533], [1, 19, 19.358556899005627], [16, 81, -1.5827536132517892], [8, 52, -19.492041714490334], [11, 15, -5.941872655493839], [18, 94, -1.8486949537501047], [35, 80, 12.415182155154511], [32, 65, 6.767130212257989], [25, 18, 21.741983614694874], [24, 10, -8.831404560198525], [33, 8, -27.050631324261186], [35, 64, 6.154578965540168], [14, 37, -17.237824687317726], [2, 46, -26.186478527400983], [11, 5, -12.07903453183625], [27, 55, -13.433954545117299], [16, 51, 29.597438295080956], [34, 75, -20.43682935569676], [34, 17, 7.969475869030404], [27, 34, 28.795460628147268], [17, 67, 8.903821149287381], [35, 61, -28.06772375697559], [20, 71, -27.033683844312417], [29, 92, -13.397105934923381], [26, 47, -15.40197347363977], [9, 75, 23.35540650974003], [13, 59, 19.74753167281834], [19, 61, 5.922851109487667], [25, 84, 21.090721839063995], [37, 31, -12.513493248430219], [17, 74, -5.2481444464351625], [21, 48, -20.532544083564822], [5, 27, -26.05371558731208], [6, 10, 2.269259257139012], [36, 95, -25.603153284650595], [31, 62, -26.050292308157445], [15, 10, -25.128961375062442], [5, 82, 18.43134328372512], [13, 18, -27.57122046979137], [29, 67, -13.487063497831596], [25, 23, -23.761187165280788], [0, 83, 27.664938173520248], [21, 94, 24.416694334928643], [19, 16, -27.277922835287875], [6, 78, -10.665249702883592], [12, 26, -16.80908235579782], [36, 80, 28.96646639814756], [39, 4, -17.9529374173856], [6, 78, 1.9148721329549616], [7, 87, 21.794513310642856], [28, 83, -26.88176780110533], [1, 19, 19.358556899005627], [16, 81, -1.5827536132517892], [8, 52, -19.492041714490334], [11, 15, -5.941872655493839], [18, 94, -1.8486949537501047], [35, 80, 12.415182155154511], [32, 65, 6.767130212257989], [25, 18, 21.741983614694874], [24, 10, -8.831404560198525], [33, 8, -27.050631324261186], [35, 64, 6.154578965540168], [14, 37, -17.237824687317726], [2, 46, -26.186478527400983], [11, 5, -12.07903453183625], [27, 55, -13.433954545117299], [16, 51, 29.597438295080956], [34, 75, -20.43682935569676], [34, 17, 7.969475869030404], [27, 34, 28.795460628147268], [17, 67, 8.903821149287381], [35, 61, -28.06772375697559], [20, 71, -27.033683844312417], [29, 92, -13.397105934923381], [26, 47, -15.40197347363977], [9, 75, 23.35540650974003], [13, 59, 19.74753167281834], [19, 61, 5.922851109487667], [25, 84, 21.090721839063995], [37, 31, -12.513493248430219], [17, 74, -5.2481444464351625], [21, 48, -20.532544083564822], [5, 27, -26.05371558731208], [6, 10, 2.269259257139012], [36, 95, -25.603153284650595], [31, 62, -26.050292308157445], [15, 10, -25.128961375062442], [5, 82, 18.43134328372512], [13, 18, -27.57122046979137], [29, 67, -13.487063497831596], [25, 23, -23.761187165280788], [0, 83, 27.664938173520248], [21, 94, 24.416694334928643], [19, 16, -27.277922835287875], [6, 78, -10.665249702883592], [12, 26, -16.80908235579782], [36, 80, 28.96646639814756], [39, 4, -17.9529374173856], [6, 78, 1.9148721329549616], [7, 87, 21.794513310642856], [28, 83, -26.88176780110533], [1, 19, 19.358556899005627], [16, 81, -1.5827536132517892], [8, 52, -19.492041714490334], [11, 15, -5.941872655493839], [18, 94, -1.8486949537501047], [35, 80, 12.415182155154511], [32, 65, 6.767130212257989], [25, 18, 21.741983614694874], [24, 10, -8.831404560198525], [33, 8, -27.050631324261186], [35, 64, 6.154578965540168], [14, 37, -17.237824687317726], [2, 46, -26.186478527400983], [11, 5, -12.07903453183625], [27, 55, -13.433954545117299], [16, 51, 29.597438295080956], [34, 75, -20.43682935569676], [34, 17, 7.969475869030404], [27, 34, 28.795460628147268], [17, 67, 8.903821149287381], [35, 61, -28.06772375697559], [20, 71, -27.033683844312417], [29, 92, -13.397105934923381], [26, 47, -15.40197347363977], [9, 75, 23.35540650974003], [13, 59, 19.74753167281834], [19, 61, 5.922851109487667], [25, 84, 21.090721839063995], [37, 31, -12.513493248430219], [17, 74, -5.2481444464351625], [21, 48, -20.532544083564822], [5, 27, -26.05371558731208], [6, 10, 2.269259257139012], [36, 95, -25.603153284650595], [31, 62, -26.050292308157445], [15, 10, -25.128961375062442], [5, 82, 18.43134328372512], [13, 18, -27.57122046979137], [29, 67, -13.487063497831596], [25, 23, -23.761187165280788], [0, 83, 27.664938173520248], [21, 94, 24.416694334928643], [19, 16, -27.277922835287875]]
 output
 [ 99.85630047  99.95992081  99.80509961  99.69041149  99.9815703
  95.59844426  99.7126817  100.04556708 100.79687968  88.4905027
 104.00778017  94.9429632   95.94783905 100.25603485 101.89454622
  91.43424614  94.64573602 100.86345307  87.79896425  97.22579685
  97.34094732  97.02144132 100.57091495  91.53027668  93.01859191
  91.83257654 100.71174777 100.04297506 100.9004486   99.86097831
  99.95968458  99.30715069 100.2347896   99.22691604  99.98354356
  99.78234975 100.12562535  98.3271299  100.01107709 102.91157898
 100.43055875  98.95270175  99.96922208  97.50601233 100.14012105
  99.94423552 101.40710953  99.89124234  97.85686763 100.05403603
  99.95968458  99.30715069 100.2347896   99.22691604  99.98354356
  99.78234975 100.12562535  98.3271299  100.01107709  98.58382354
  99.86072577 100.00380818  99.6345355   99.97943514 100.28091352
  95.61392667  99.68802608 100.07825015  99.93225955 101.13522649
 100.24063281 100.26454937  98.92073404 100.00729173  99.82413108
  99.39348381  99.80332049  99.31939599 100.64543722 100.19981035
 100.5818335  100.55096866 100.25567895 100.22681211  99.1425984
  95.49582709  99.96891163  99.29143156 100.37992691  99.80355701
 100.49127508  99.71866684  97.17315504 100.13255373 100.63182467
 100.06222133  98.47666847 100.51753257 100.15403318 102.35019242
  99.95968458  99.30715069 100.2347896   99.22691604  99.98354356
  99.78234975 100.12562535  98.3271299  100.01107709  98.58382354
  99.86072577 100.00380818  99.6345355   99.97943514 100.28091352
  95.61392667  99.68802608 100.07825015  99.93225955 101.13522649
 100.24063281 100.26454937  98.92073404 100.00729173  99.82413108
  99.39348381  99.80332049  99.31939599 100.64543722 100.19981035
 100.5818335  100.55096866 100.25567895 100.22681211  99.1425984
  95.49582709  99.96891163  99.29143156 100.37992691  99.80355701
 100.49127508  99.71866684  97.17315504 100.13255373 100.63182467
 100.06222133  98.47666847 100.51753257 100.15403318 102.35019242
  99.95968458  99.30715069 100.2347896   99.22691604  99.98354356
  99.78234975 100.12562535  98.3271299  100.01107709  98.58382354
  99.86072577 100.00380818  99.6345355   99.97943514 100.28091352
  95.61392667  99.68802608 100.07825015  99.93225955 101.13522649
 100.24063281 100.26454937  98.92073404 100.00729173  99.82413108
  99.39348381  99.80332049  99.31939599 100.64543722 100.19981035
 100.5818335  100.55096866 100.25567895 100.22681211  99.1425984
  95.49582709  99.96891163  99.29143156 100.37992691  99.80355701
 100.49127508  99.71866684  97.17315504 100.13255373 100.63182467
 100.06222133  98.47666847 100.51753257 100.15403318 102.35019242]
最小値:87.79896424969796
入力値:[21, 7, 30.0]
経過時間:304.37603092193604sec
num_evaluation of BBF = 200.0
 input
[[37, 20, -26.144723724560457], [14, 95, -24.031698466919053], [24, 51, -1.0300372738304304], [32, 72, -6.601465112848686], [9, 15, 13.459724034469247], [36, 45, 10.710233990669693], [31, 44, 10.430080764876564], [6, 34, 6.988596488147273], [17, 55, -24.909524042466003], [9, 21, 19.535519652340952], [39, 67, -27.084934063160087], [39, 22, -2.118279908822153], [33, 18, -26.211802222554333], [34, 21, -30.0], [33, 11, -30.0]]
 output
 [ 96.40906353  99.61907338 100.0388158   99.83189178 100.71902738
  99.84977178  99.36098889  99.93610618 100.11570522  99.25983408
  99.84900858  99.97636196  96.81276643  92.66461857  95.69782767]
最小値:92.66461856950836
入力値:[34, 21, -30.0]
経過時間:74.2683732509613sec
num_evaluation of BBF = 15.0
 input
[[37, 20, -26.144723724560457], [14, 95, -24.031698466919053], [24, 51, -1.0300372738304304], [32, 72, -6.601465112848686], [9, 15, 13.459724034469247], [36, 45, 10.710233990669693], [31, 44, 10.430080764876564], [6, 34, 6.988596488147273], [17, 55, -24.909524042466003], [9, 21, 19.535519652340952], [39, 67, -27.084934063160087], [39, 22, -2.118279908822153], [33, 18, -26.211802222554333], [34, 21, -30.0], [33, 11, -30.0], [24, 25, -30.0], [26, 0, -30.0], [14, 96, 30.0], [0, 0, -30.0], [24, 0, 22.691836234778705], [22, 0, -30.0], [20, 0, -30.0], [28, 0, -29.96958608054886], [0, 95, 26.21477226432347], [39, 96, 16.485254069707004], [36, 0, 29.878546187578152], [17, 0, -28.98544619020383], [23, 0, -30.0], [24, 0, -30.0], [22, 0, -15.647329960074446]]
 output
 [ 96.40906353  99.61907338 100.0388158   99.83189178 100.71902738
  99.84977178  99.36098889  99.93610618 100.11570522  99.25983408
  99.84900858  99.97636196  96.81276643  92.66461857  95.69782767
  97.71795672  86.19916787 100.06009906 100.30033331  93.72908922
  82.1989957   91.72434808  93.51491225  99.6589531  100.01672274
 100.27894215 103.01055593  85.33870257  86.80928665  84.73687925]
最小値:82.1989956997589
入力値:[22, 0, -30.0]
経過時間:171.80438995361328sec
num_evaluation of BBF = 30.0
 input
[[37, 20, -26.144723724560457], [14, 95, -24.031698466919053], [24, 51, -1.0300372738304304], [32, 72, -6.601465112848686], [9, 15, 13.459724034469247], [36, 45, 10.710233990669693], [31, 44, 10.430080764876564], [6, 34, 6.988596488147273], [17, 55, -24.909524042466003], [9, 21, 19.535519652340952], [39, 67, -27.084934063160087], [39, 22, -2.118279908822153], [33, 18, -26.211802222554333], [34, 21, -30.0], [33, 11, -30.0], [24, 25, -30.0], [26, 0, -30.0], [14, 96, 30.0], [0, 0, -30.0], [24, 0, 22.691836234778705], [22, 0, -30.0], [20, 0, -30.0], [28, 0, -29.96958608054886], [0, 95, 26.21477226432347], [39, 96, 16.485254069707004], [36, 0, 29.878546187578152], [17, 0, -28.98544619020383], [23, 0, -30.0], [24, 0, -30.0], [22, 0, -15.647329960074446], [20, 20, 20.43527470809684], [35, 34, -4.906789641642266], [16, 86, 0.012306503484616371], [36, 30, 14.897018500610798], [31, 28, 11.975133779879236], [36, 90, 13.701014606120665], [15, 60, 18.57913240535281], [34, 47, -27.26165688949628], [0, 49, -6.178096858227523], [4, 16, -26.061240639889057], [19, 59, 7.537595444959578], [34, 95, -6.00940624681629], [22, 60, 10.391461419856576], [7, 56, 15.801742576518663], [2, 60, 8.363314653409738], [1, 56, 18.172525270579257], [3, 95, 27.431642566545356], [27, 15, 29.01480827377717], [2, 72, -13.983686910414118], [13, 2, -21.086704871758716]]
 output
 [ 96.40906353  99.61907338 100.0388158   99.83189178 100.71902738
  99.84977178  99.36098889  99.93610618 100.11570522  99.25983408
  99.84900858  99.97636196  96.81276643  92.66461857  95.69782767
  97.71795672  86.19916787 100.06009906 100.30033331  93.72908922
  82.1989957   91.72434808  93.51491225  99.6589531  100.01672274
 100.27894215 103.01055593  85.33870257  86.80928665  84.73687925
  99.48622814  98.49810157 100.00363459 100.31517075  98.60714038
 100.52514646 100.28607731 100.18819824 100.35790255  99.80387989
 100.33836392 100.11249091 100.10844274  97.90800106  99.91734413
 100.22510504  99.87392326  98.09562725  99.45677633  98.35989117]
最小値:82.1989956997589
入力値:[22, 0, -30.0]
経過時間:93.20004558563232sec
num_evaluation of BBF = 50.0
 input
[[37, 20, -26.144723724560457], [14, 95, -24.031698466919053], [24, 51, -1.0300372738304304], [32, 72, -6.601465112848686], [9, 15, 13.459724034469247], [36, 45, 10.710233990669693], [31, 44, 10.430080764876564], [6, 34, 6.988596488147273], [17, 55, -24.909524042466003], [9, 21, 19.535519652340952], [39, 67, -27.084934063160087], [39, 22, -2.118279908822153], [33, 18, -26.211802222554333], [34, 21, -30.0], [33, 11, -30.0], [24, 25, -30.0], [26, 0, -30.0], [14, 96, 30.0], [0, 0, -30.0], [24, 0, 22.691836234778705], [22, 0, -30.0], [20, 0, -30.0], [28, 0, -29.96958608054886], [0, 95, 26.21477226432347], [39, 96, 16.485254069707004], [36, 0, 29.878546187578152], [17, 0, -28.98544619020383], [23, 0, -30.0], [24, 0, -30.0], [22, 0, -15.647329960074446], [20, 20, 20.43527470809684], [35, 34, -4.906789641642266], [16, 86, 0.012306503484616371], [36, 30, 14.897018500610798], [31, 28, 11.975133779879236], [36, 90, 13.701014606120665], [15, 60, 18.57913240535281], [34, 47, -27.26165688949628], [0, 49, -6.178096858227523], [4, 16, -26.061240639889057], [19, 59, 7.537595444959578], [34, 95, -6.00940624681629], [22, 60, 10.391461419856576], [7, 56, 15.801742576518663], [2, 60, 8.363314653409738], [1, 56, 18.172525270579257], [3, 95, 27.431642566545356], [27, 15, 29.01480827377717], [2, 72, -13.983686910414118], [13, 2, -21.086704871758716], [20, 20, 20.43527470809684], [35, 34, -4.906789641642266], [16, 86, 0.012306503484616371], [36, 30, 14.897018500610798], [31, 28, 11.975133779879236], [36, 90, 13.701014606120665], [15, 60, 18.57913240535281], [34, 47, -27.26165688949628], [0, 49, -6.178096858227523], [4, 16, -26.061240639889057], [19, 59, 7.537595444959578], [34, 95, -6.00940624681629], [22, 60, 10.391461419856576], [7, 56, 15.801742576518663], [2, 60, 8.363314653409738], [1, 56, 18.172525270579257], [3, 95, 27.431642566545356], [27, 15, 29.01480827377717], [2, 72, -13.983686910414118], [13, 2, -21.086704871758716], [38, 21, -18.37319640041413], [15, 92, -9.51056757923319], [13, 40, -29.842605294922876], [9, 49, 26.86953093211485], [10, 49, 27.266591344889918], [25, 75, 12.067060641708224], [38, 82, -9.060342452739103], [9, 58, -29.065338182680176], [12, 54, 26.421673983592783], [1, 89, 9.947623751709244], [12, 7, -25.533759584825894], [19, 84, -5.110320749261568], [28, 86, 13.68259830921366], [36, 39, -25.85142583995562], [19, 47, -29.578291954443735], [11, 68, 11.22043637041331], [23, 46, -26.503791258432965], [25, 51, 11.342128467787838], [13, 39, -9.379691961586893], [37, 80, -23.984441312267172], [1, 48, -18.611514235516466], [21, 3, -24.53636883555955], [22, 2, -14.822552292889128], [22, 0, -15.96269707713999], [21, 0, -15.840699600809604], [22, 2, -30.0], [36, 36, -11.018383259262368], [15, 88, -8.065959740290822], [35, 95, -6.5380052115803124], [23, 0, -16.341131332112823]]
 output
 [ 96.40906353  99.61907338 100.0388158   99.83189178 100.71902738
  99.84977178  99.36098889  99.93610618 100.11570522  99.25983408
  99.84900858  99.97636196  96.81276643  92.66461857  95.69782767
  97.71795672  86.19916787 100.06009906 100.30033331  93.72908922
  82.1989957   91.72434808  93.51491225  99.6589531  100.01672274
 100.27894215 103.01055593  85.33870257  86.80928665  84.73687925
  99.48622814  98.49810157 100.00363459 100.31517075  98.60714038
 100.52514646 100.28607731 100.18819824 100.35790255  99.80387989
 100.33836392 100.11249091 100.10844274  97.90800106  99.91734413
 100.22510504  99.87392326  98.09562725  99.45677633  98.35989117
  99.48622814  98.49810157 100.00363459 100.31517075  98.60714038
 100.52514646 100.28607731 100.18819824 100.35790255  99.80387989
 100.33836392 100.11249091 100.10844274  97.90800106  99.91734413
 100.22510504  99.87392326  98.09562725  99.45677633  98.35989117
  98.9410826  100.11511119  98.58268953  96.83291328 100.12905918
 100.15979556 100.17282979 100.29214978  99.97691117 100.55920124
  98.06759921 100.04713495  99.5902291  100.33358705 100.09878229
 100.24834432  99.25668171  99.85454705  99.83903922  99.88916048
 100.85661707 104.46832945  98.26891456  84.09139652  87.41267189
  91.82136776  92.17445906 100.0012427  100.12983968  84.67102891]
最小値:82.1989956997589
入力値:[22, 0, -30.0]
経過時間:278.84987688064575sec
num_evaluation of BBF = 100.0
 input
[[37, 20, -26.144723724560457], [14, 95, -24.031698466919053], [24, 51, -1.0300372738304304], [32, 72, -6.601465112848686], [9, 15, 13.459724034469247], [36, 45, 10.710233990669693], [31, 44, 10.430080764876564], [6, 34, 6.988596488147273], [17, 55, -24.909524042466003], [9, 21, 19.535519652340952], [39, 67, -27.084934063160087], [39, 22, -2.118279908822153], [33, 18, -26.211802222554333], [34, 21, -30.0], [33, 11, -30.0], [24, 25, -30.0], [26, 0, -30.0], [14, 96, 30.0], [0, 0, -30.0], [24, 0, 22.691836234778705], [22, 0, -30.0], [20, 0, -30.0], [28, 0, -29.96958608054886], [0, 95, 26.21477226432347], [39, 96, 16.485254069707004], [36, 0, 29.878546187578152], [17, 0, -28.98544619020383], [23, 0, -30.0], [24, 0, -30.0], [22, 0, -15.647329960074446], [20, 20, 20.43527470809684], [35, 34, -4.906789641642266], [16, 86, 0.012306503484616371], [36, 30, 14.897018500610798], [31, 28, 11.975133779879236], [36, 90, 13.701014606120665], [15, 60, 18.57913240535281], [34, 47, -27.26165688949628], [0, 49, -6.178096858227523], [4, 16, -26.061240639889057], [19, 59, 7.537595444959578], [34, 95, -6.00940624681629], [22, 60, 10.391461419856576], [7, 56, 15.801742576518663], [2, 60, 8.363314653409738], [1, 56, 18.172525270579257], [3, 95, 27.431642566545356], [27, 15, 29.01480827377717], [2, 72, -13.983686910414118], [13, 2, -21.086704871758716], [20, 20, 20.43527470809684], [35, 34, -4.906789641642266], [16, 86, 0.012306503484616371], [36, 30, 14.897018500610798], [31, 28, 11.975133779879236], [36, 90, 13.701014606120665], [15, 60, 18.57913240535281], [34, 47, -27.26165688949628], [0, 49, -6.178096858227523], [4, 16, -26.061240639889057], [19, 59, 7.537595444959578], [34, 95, -6.00940624681629], [22, 60, 10.391461419856576], [7, 56, 15.801742576518663], [2, 60, 8.363314653409738], [1, 56, 18.172525270579257], [3, 95, 27.431642566545356], [27, 15, 29.01480827377717], [2, 72, -13.983686910414118], [13, 2, -21.086704871758716], [38, 21, -18.37319640041413], [15, 92, -9.51056757923319], [13, 40, -29.842605294922876], [9, 49, 26.86953093211485], [10, 49, 27.266591344889918], [25, 75, 12.067060641708224], [38, 82, -9.060342452739103], [9, 58, -29.065338182680176], [12, 54, 26.421673983592783], [1, 89, 9.947623751709244], [12, 7, -25.533759584825894], [19, 84, -5.110320749261568], [28, 86, 13.68259830921366], [36, 39, -25.85142583995562], [19, 47, -29.578291954443735], [11, 68, 11.22043637041331], [23, 46, -26.503791258432965], [25, 51, 11.342128467787838], [13, 39, -9.379691961586893], [37, 80, -23.984441312267172], [1, 48, -18.611514235516466], [21, 3, -24.53636883555955], [22, 2, -14.822552292889128], [22, 0, -15.96269707713999], [21, 0, -15.840699600809604], [22, 2, -30.0], [36, 36, -11.018383259262368], [15, 88, -8.065959740290822], [35, 95, -6.5380052115803124], [23, 0, -16.341131332112823], [20, 20, 20.43527470809684], [22, 0, -17.285948214861207], [22, 0, -28.26474111403072], [22, 0, -17.940724315475798], [22, 0, -17.415985275946124], [13, 4, -12.962677985793096], [23, 34, 28.600688945157586], [22, 0, -17.34914634274208], [22, 0, -17.34957462484164], [13, 62, -2.293421129113703], [22, 0, -17.34984387377526], [22, 0, -17.417188343369162], [22, 0, -17.418242112223695], [22, 0, -17.34961613576116], [22, 0, -17.350307547711445], [18, 89, 26.992241428613923], [7, 26, -3.4128180008998186], [22, 0, -17.42319101978368], [22, 0, -17.42529200235436], [22, 0, -17.42765284462116], [25, 1, -30.0], [25, 1, -29.05146758034073], [25, 1, -28.66620480840687], [25, 1, -28.328552190928274], [25, 1, -28.05916781191355], [25, 1, -28.309990525644707], [25, 1, -28.320722787034903], [26, 1, -28.32554345796391], [25, 1, -28.343163040786738], [25, 1, -28.347985771651956], [25, 1, -28.351146538108935], [25, 1, -28.353800186971885], [25, 1, -28.356165535321587], [25, 1, -28.358411607269367], [25, 1, -28.360622687199598], [25, 1, -28.36286987297034], [25, 1, -28.365180510882244], [25, 1, -28.367607537410944], [25, 1, -28.370162119502055], [25, 1, -28.37286708146315], [25, 1, -28.37570103026028], [25, 1, -28.378757308785328], [25, 1, -28.38193817416832], [25, 1, -28.385243739115957], [25, 1, -28.38868498198278], [25, 1, -28.392244140798137], [25, 2, -28.395922171599718], [25, 1, -28.354882981278394], [25, 1, -28.354722174265053], [25, 1, -28.35462193307816]]
 output
 [ 96.40906353  99.61907338 100.0388158   99.83189178 100.71902738
  99.84977178  99.36098889  99.93610618 100.11570522  99.25983408
  99.84900858  99.97636196  96.81276643  92.66461857  95.69782767
  97.71795672  86.19916787 100.06009906 100.30033331  93.72908922
  82.1989957   91.72434808  93.51491225  99.6589531  100.01672274
 100.27894215 103.01055593  85.33870257  86.80928665  84.73687925
  99.48622814  98.49810157 100.00363459 100.31517075  98.60714038
 100.52514646 100.28607731 100.18819824 100.35790255  99.80387989
 100.33836392 100.11249091 100.10844274  97.90800106  99.91734413
 100.22510504  99.87392326  98.09562725  99.45677633  98.35989117
  99.48622814  98.49810157 100.00363459 100.31517075  98.60714038
 100.52514646 100.28607731 100.18819824 100.35790255  99.80387989
 100.33836392 100.11249091 100.10844274  97.90800106  99.91734413
 100.22510504  99.87392326  98.09562725  99.45677633  98.35989117
  98.9410826  100.11511119  98.58268953  96.83291328 100.12905918
 100.15979556 100.17282979 100.29214978  99.97691117 100.55920124
  98.06759921 100.04713495  99.5902291  100.33358705 100.09878229
 100.24834432  99.25668171  99.85454705  99.83903922  99.88916048
 100.85661707 104.46832945  98.26891456  84.09139652  87.41267189
  91.82136776  92.17445906 100.0012427  100.12983968  84.67102891
  99.48622814  82.42599553  85.48407402  82.81919342  82.4540201
  97.498128    99.45573182  82.43825316  82.43816375 100.23579529
  82.43822573  82.45436793  82.45465259  82.43817306  82.43833926
  99.23547466  99.21905982  82.45582161  82.45633301  82.45682188
  81.1363188   80.29070234  80.12396319  80.02662951  80.08939266
  80.02880063  80.02728416  81.32579009  80.02777373  80.02865464
  80.02864466  80.02873038  80.02882548  80.02898158  80.02922444
  80.02955284  80.02997894  80.0305995   80.03134183  80.03239975
  80.03323307  80.03468037  80.0363207   80.0379392   80.03976817
  80.04156593  94.01688996  80.02876528  80.02875883  80.02875538]
最小値:80.0266295114436
入力値:[25, 1, -28.328552190928274]
経過時間:299.78506207466125sec
num_evaluation of BBF = 150.0
 input
[[37, 20, -26.144723724560457], [14, 95, -24.031698466919053], [24, 51, -1.0300372738304304], [32, 72, -6.601465112848686], [9, 15, 13.459724034469247], [36, 45, 10.710233990669693], [31, 44, 10.430080764876564], [6, 34, 6.988596488147273], [17, 55, -24.909524042466003], [9, 21, 19.535519652340952], [39, 67, -27.084934063160087], [39, 22, -2.118279908822153], [33, 18, -26.211802222554333], [34, 21, -30.0], [33, 11, -30.0], [24, 25, -30.0], [26, 0, -30.0], [14, 96, 30.0], [0, 0, -30.0], [24, 0, 22.691836234778705], [22, 0, -30.0], [20, 0, -30.0], [28, 0, -29.96958608054886], [0, 95, 26.21477226432347], [39, 96, 16.485254069707004], [36, 0, 29.878546187578152], [17, 0, -28.98544619020383], [23, 0, -30.0], [24, 0, -30.0], [22, 0, -15.647329960074446], [20, 20, 20.43527470809684], [35, 34, -4.906789641642266], [16, 86, 0.012306503484616371], [36, 30, 14.897018500610798], [31, 28, 11.975133779879236], [36, 90, 13.701014606120665], [15, 60, 18.57913240535281], [34, 47, -27.26165688949628], [0, 49, -6.178096858227523], [4, 16, -26.061240639889057], [19, 59, 7.537595444959578], [34, 95, -6.00940624681629], [22, 60, 10.391461419856576], [7, 56, 15.801742576518663], [2, 60, 8.363314653409738], [1, 56, 18.172525270579257], [3, 95, 27.431642566545356], [27, 15, 29.01480827377717], [2, 72, -13.983686910414118], [13, 2, -21.086704871758716], [20, 20, 20.43527470809684], [35, 34, -4.906789641642266], [16, 86, 0.012306503484616371], [36, 30, 14.897018500610798], [31, 28, 11.975133779879236], [36, 90, 13.701014606120665], [15, 60, 18.57913240535281], [34, 47, -27.26165688949628], [0, 49, -6.178096858227523], [4, 16, -26.061240639889057], [19, 59, 7.537595444959578], [34, 95, -6.00940624681629], [22, 60, 10.391461419856576], [7, 56, 15.801742576518663], [2, 60, 8.363314653409738], [1, 56, 18.172525270579257], [3, 95, 27.431642566545356], [27, 15, 29.01480827377717], [2, 72, -13.983686910414118], [13, 2, -21.086704871758716], [38, 21, -18.37319640041413], [15, 92, -9.51056757923319], [13, 40, -29.842605294922876], [9, 49, 26.86953093211485], [10, 49, 27.266591344889918], [25, 75, 12.067060641708224], [38, 82, -9.060342452739103], [9, 58, -29.065338182680176], [12, 54, 26.421673983592783], [1, 89, 9.947623751709244], [12, 7, -25.533759584825894], [19, 84, -5.110320749261568], [28, 86, 13.68259830921366], [36, 39, -25.85142583995562], [19, 47, -29.578291954443735], [11, 68, 11.22043637041331], [23, 46, -26.503791258432965], [25, 51, 11.342128467787838], [13, 39, -9.379691961586893], [37, 80, -23.984441312267172], [1, 48, -18.611514235516466], [21, 3, -24.53636883555955], [22, 2, -14.822552292889128], [22, 0, -15.96269707713999], [21, 0, -15.840699600809604], [22, 2, -30.0], [36, 36, -11.018383259262368], [15, 88, -8.065959740290822], [35, 95, -6.5380052115803124], [23, 0, -16.341131332112823], [20, 20, 20.43527470809684], [22, 0, -17.285948214861207], [22, 0, -28.26474111403072], [22, 0, -17.940724315475798], [22, 0, -17.415985275946124], [13, 4, -12.962677985793096], [23, 34, 28.600688945157586], [22, 0, -17.34914634274208], [22, 0, -17.34957462484164], [13, 62, -2.293421129113703], [22, 0, -17.34984387377526], [22, 0, -17.417188343369162], [22, 0, -17.418242112223695], [22, 0, -17.34961613576116], [22, 0, -17.350307547711445], [18, 89, 26.992241428613923], [7, 26, -3.4128180008998186], [22, 0, -17.42319101978368], [22, 0, -17.42529200235436], [22, 0, -17.42765284462116], [25, 1, -30.0], [25, 1, -29.05146758034073], [25, 1, -28.66620480840687], [25, 1, -28.328552190928274], [25, 1, -28.05916781191355], [25, 1, -28.309990525644707], [25, 1, -28.320722787034903], [26, 1, -28.32554345796391], [25, 1, -28.343163040786738], [25, 1, -28.347985771651956], [25, 1, -28.351146538108935], [25, 1, -28.353800186971885], [25, 1, -28.356165535321587], [25, 1, -28.358411607269367], [25, 1, -28.360622687199598], [25, 1, -28.36286987297034], [25, 1, -28.365180510882244], [25, 1, -28.367607537410944], [25, 1, -28.370162119502055], [25, 1, -28.37286708146315], [25, 1, -28.37570103026028], [25, 1, -28.378757308785328], [25, 1, -28.38193817416832], [25, 1, -28.385243739115957], [25, 1, -28.38868498198278], [25, 1, -28.392244140798137], [25, 2, -28.395922171599718], [25, 1, -28.354882981278394], [25, 1, -28.354722174265053], [25, 1, -28.35462193307816], [25, 1, -28.354580293143606], [25, 1, -28.354541341357287], [25, 1, -28.349753642007887], [3, 49, 24.794281505887355], [25, 1, -28.32335865032062], [25, 1, -28.342249714677354], [25, 1, -28.337460822232934], [22, 1, -30.0], [1, 78, 28.840033591632164], [31, 61, -19.556239814858486], [0, 5, 28.579973498049654], [26, 50, -21.6851503128713], [25, 1, -28.315943229015485], [11, 55, -0.35642963010573325], [11, 18, -22.22636280528233], [36, 66, 27.79595564495036], [35, 6, -29.515804107456034], [0, 14, -22.405014598337587], [21, 96, -8.326118508279695], [25, 1, -28.312972120536646], [23, 60, -5.213692209632619], [37, 91, 13.122239481910135], [38, 34, 2.8058811312945124], [24, 1, 20.948115265973016], [22, 30, 8.35369794971858], [32, 65, 18.68823362221851], [26, 60, 13.607468080581839], [21, 68, 24.751303004686484], [4, 32, -11.526510159367572], [22, 15, -18.3555499156383], [27, 88, 10.221504774148826], [16, 12, -14.480969865090286], [33, 43, -4.955339614140378], [17, 19, -5.69752039059145], [15, 65, -20.299073892861166], [24, 69, -2.660224832082445], [34, 65, 11.318170510514776], [26, 56, 10.519746657465127], [23, 84, 5.510443765826409], [30, 67, 14.68431463824502], [8, 93, 19.891919529467096], [24, 1, -29.497124986675104], [25, 1, -28.32233273824447], [1, 47, -25.896876514884077], [25, 1, -28.315367799748007], [25, 91, 26.000711137698744], [32, 28, -1.781765806461749], [17, 72, -22.658032597465347], [25, 1, -28.31489752387106], [25, 1, -28.310642600320886]]
 output
 [ 96.40906353  99.61907338 100.0388158   99.83189178 100.71902738
  99.84977178  99.36098889  99.93610618 100.11570522  99.25983408
  99.84900858  99.97636196  96.81276643  92.66461857  95.69782767
  97.71795672  86.19916787 100.06009906 100.30033331  93.72908922
  82.1989957   91.72434808  93.51491225  99.6589531  100.01672274
 100.27894215 103.01055593  85.33870257  86.80928665  84.73687925
  99.48622814  98.49810157 100.00363459 100.31517075  98.60714038
 100.52514646 100.28607731 100.18819824 100.35790255  99.80387989
 100.33836392 100.11249091 100.10844274  97.90800106  99.91734413
 100.22510504  99.87392326  98.09562725  99.45677633  98.35989117
  99.48622814  98.49810157 100.00363459 100.31517075  98.60714038
 100.52514646 100.28607731 100.18819824 100.35790255  99.80387989
 100.33836392 100.11249091 100.10844274  97.90800106  99.91734413
 100.22510504  99.87392326  98.09562725  99.45677633  98.35989117
  98.9410826  100.11511119  98.58268953  96.83291328 100.12905918
 100.15979556 100.17282979 100.29214978  99.97691117 100.55920124
  98.06759921 100.04713495  99.5902291  100.33358705 100.09878229
 100.24834432  99.25668171  99.85454705  99.83903922  99.88916048
 100.85661707 104.46832945  98.26891456  84.09139652  87.41267189
  91.82136776  92.17445906 100.0012427  100.12983968  84.67102891
  99.48622814  82.42599553  85.48407402  82.81919342  82.4540201
  97.498128    99.45573182  82.43825316  82.43816375 100.23579529
  82.43822573  82.45436793  82.45465259  82.43817306  82.43833926
  99.23547466  99.21905982  82.45582161  82.45633301  82.45682188
  81.1363188   80.29070234  80.12396319  80.02662951  80.08939266
  80.02880063  80.02728416  81.32579009  80.02777373  80.02865464
  80.02864466  80.02873038  80.02882548  80.02898158  80.02922444
  80.02955284  80.02997894  80.0305995   80.03134183  80.03239975
  80.03323307  80.03468037  80.0363207   80.0379392   80.03976817
  80.04156593  94.01688996  80.02876528  80.02875883  80.02875538
  80.02875382  80.0287525   80.02844219  99.83060334  80.02694675
  80.02778746  80.02681377  79.65462043 100.1733357  100.22256489
 102.11223566 100.87953902  80.02794038  99.99618468 100.21554675
  98.03725483 100.15936894 100.50813124  99.99111227  80.02849249
 100.46332214 100.68132539  99.85857973 101.31798807  99.76492544
 100.37891574 100.28485751 100.13555786  99.00088389  97.47692805
  99.77006567  99.99120092  99.89922183  99.87278218  99.82192636
  99.9582367  100.23159855 100.07301167 100.01636248 100.39174007
  99.7589251   82.84406521  80.02707279 100.30779064  80.02803422
  99.13448447  99.95059012 100.2665881   80.02812196  80.02885055]
最小値:79.65462043462702
入力値:[22, 1, -30.0]
経過時間:305.78870964050293sec
num_evaluation of BBF = 200.0
 input
[[9, 31, 28.69337382471496], [18, 30, -14.167749657726077], [3, 40, -29.04537834232338], [21, 83, -10.149645039018484], [15, 65, 10.339036394474], [27, 33, 25.771691470387303], [10, 72, -14.706356249691769], [33, 17, 17.445810694602905], [37, 43, -6.921026073212978], [14, 19, -23.971561697937958], [38, 42, -9.248314486816206], [39, 35, -29.5079038183971], [27, 44, -9.55047494160501], [39, 39, -9.236908567643518], [39, 34, -8.81298066224235]]
 output
 [101.0217784   99.72128854  99.83470527 100.15514367 100.1261162
  99.78673221 100.07021518 100.21744339  98.25196512 100.32120225
  96.50613724 100.55623741  97.05509322  96.37826968 100.23715467]
最小値:96.37826968496742
入力値:[39, 39, -9.236908567643518]
経過時間:73.68836450576782sec
num_evaluation of BBF = 15.0
 input
[[9, 31, 28.69337382471496], [18, 30, -14.167749657726077], [3, 40, -29.04537834232338], [21, 83, -10.149645039018484], [15, 65, 10.339036394474], [27, 33, 25.771691470387303], [10, 72, -14.706356249691769], [33, 17, 17.445810694602905], [37, 43, -6.921026073212978], [14, 19, -23.971561697937958], [38, 42, -9.248314486816206], [39, 35, -29.5079038183971], [27, 44, -9.55047494160501], [39, 39, -9.236908567643518], [39, 34, -8.81298066224235], [38, 40, -9.707965866020913], [39, 46, -13.188685917792228], [38, 50, -13.126980321777925], [6, 44, -15.930797447027013], [39, 45, -12.32096059659957], [30, 45, 29.306053415736265], [39, 45, -19.51359267319607], [37, 44, -12.12325108181091], [39, 45, -12.116561545831065], [39, 45, -12.328774516302406], [39, 45, -12.327896689873242], [39, 45, -12.329376056764104], [39, 45, -12.328728317470947], [39, 45, -12.32638128646057], [39, 45, -12.321588142720142]]
 output
 [101.0217784   99.72128854  99.83470527 100.15514367 100.1261162
  99.78673221 100.07021518 100.21744339  98.25196512 100.32120225
  96.50613724 100.55623741  97.05509322  96.37826968 100.23715467
  99.25981221  96.05323788  99.853597    98.37994513  94.74312161
  98.93313782 101.08317378 100.91167797  94.76822018  94.74434747
  94.74405606  94.74439592  94.74433588  94.74408953  94.74326182]
最小値:94.74312161225338
入力値:[39, 45, -12.32096059659957]
経過時間:77.39466118812561sec
num_evaluation of BBF = 30.0
 input
[[9, 31, 28.69337382471496], [18, 30, -14.167749657726077], [3, 40, -29.04537834232338], [21, 83, -10.149645039018484], [15, 65, 10.339036394474], [27, 33, 25.771691470387303], [10, 72, -14.706356249691769], [33, 17, 17.445810694602905], [37, 43, -6.921026073212978], [14, 19, -23.971561697937958], [38, 42, -9.248314486816206], [39, 35, -29.5079038183971], [27, 44, -9.55047494160501], [39, 39, -9.236908567643518], [39, 34, -8.81298066224235], [38, 40, -9.707965866020913], [39, 46, -13.188685917792228], [38, 50, -13.126980321777925], [6, 44, -15.930797447027013], [39, 45, -12.32096059659957], [30, 45, 29.306053415736265], [39, 45, -19.51359267319607], [37, 44, -12.12325108181091], [39, 45, -12.116561545831065], [39, 45, -12.328774516302406], [39, 45, -12.327896689873242], [39, 45, -12.329376056764104], [39, 45, -12.328728317470947], [39, 45, -12.32638128646057], [39, 45, -12.321588142720142], [39, 45, -12.313214088672432], [39, 45, -12.298146849687253], [39, 45, -12.273782865756154], [39, 44, -12.24923097273123], [39, 44, -12.116659436734576], [39, 44, -11.380025074796947], [39, 44, -10.551752928825188], [39, 44, -11.230315423788763], [39, 43, -11.509591404143727], [26, 42, -8.644166131310328], [39, 44, -11.518129489466755], [39, 44, -11.410033337693228], [39, 44, -11.411858132458605], [39, 44, -11.415504685710065], [39, 44, -11.3949999655518], [39, 44, -11.40458859271001], [39, 45, -10.069463640096277], [38, 51, -5.575441328634778], [39, 44, -9.80059802463244], [39, 45, -10.641688758272686]]
 output
 [101.0217784   99.72128854  99.83470527 100.15514367 100.1261162
  99.78673221 100.07021518 100.21744339  98.25196512 100.32120225
  96.50613724 100.55623741  97.05509322  96.37826968 100.23715467
  99.25981221  96.05323788  99.853597    98.37994513  94.74312161
  98.93313782 101.08317378 100.91167797  94.76822018  94.74434747
  94.74405606  94.74439592  94.74433588  94.74408953  94.74326182
  94.74151794  94.73938292  94.74082675  94.65105232  94.29277452
  92.38221793  93.79014518  92.9278661   97.45667995  98.48429413
  92.58863405  92.37048089  92.37198026  92.37266476  92.37538881
  92.3686866   92.75912604 100.28158731  95.65149277  93.81580632]
最小値:92.36868659507263
入力値:[39, 44, -11.40458859271001]
経過時間:105.34844899177551sec
num_evaluation of BBF = 50.0
 input
[[9, 31, 28.69337382471496], [18, 30, -14.167749657726077], [3, 40, -29.04537834232338], [21, 83, -10.149645039018484], [15, 65, 10.339036394474], [27, 33, 25.771691470387303], [10, 72, -14.706356249691769], [33, 17, 17.445810694602905], [37, 43, -6.921026073212978], [14, 19, -23.971561697937958], [38, 42, -9.248314486816206], [39, 35, -29.5079038183971], [27, 44, -9.55047494160501], [39, 39, -9.236908567643518], [39, 34, -8.81298066224235], [38, 40, -9.707965866020913], [39, 46, -13.188685917792228], [38, 50, -13.126980321777925], [6, 44, -15.930797447027013], [39, 45, -12.32096059659957], [30, 45, 29.306053415736265], [39, 45, -19.51359267319607], [37, 44, -12.12325108181091], [39, 45, -12.116561545831065], [39, 45, -12.328774516302406], [39, 45, -12.327896689873242], [39, 45, -12.329376056764104], [39, 45, -12.328728317470947], [39, 45, -12.32638128646057], [39, 45, -12.321588142720142], [39, 45, -12.313214088672432], [39, 45, -12.298146849687253], [39, 45, -12.273782865756154], [39, 44, -12.24923097273123], [39, 44, -12.116659436734576], [39, 44, -11.380025074796947], [39, 44, -10.551752928825188], [39, 44, -11.230315423788763], [39, 43, -11.509591404143727], [26, 42, -8.644166131310328], [39, 44, -11.518129489466755], [39, 44, -11.410033337693228], [39, 44, -11.411858132458605], [39, 44, -11.415504685710065], [39, 44, -11.3949999655518], [39, 44, -11.40458859271001], [39, 45, -10.069463640096277], [38, 51, -5.575441328634778], [39, 44, -9.80059802463244], [39, 45, -10.641688758272686], [39, 45, -10.160357108037118], [39, 46, -9.652602937661129], [21, 74, 24.43289496401497], [2, 40, 18.6033668362371], [4, 4, -10.689057450992063], [39, 44, -11.408410690577313], [39, 45, -9.843040067605632], [39, 44, -11.38995491031083], [39, 44, -11.389261264179762], [39, 44, -11.388597890255632], [39, 46, -10.137157700560373], [39, 44, -11.385984840642372], [39, 44, -11.385303084888047], [39, 48, -9.321605773727764], [33, 12, 2.9678972697554187], [38, 45, -10.270928568333474], [15, 94, -1.0903856970945043], [36, 77, 10.724723914339776], [37, 86, -10.694504322447127], [20, 46, 2.8516555697854926], [15, 50, 29.31059975309605], [28, 26, 9.64647644336933], [38, 57, 17.016575893325978], [33, 11, -22.00560025939854], [39, 44, -14.044158690986766], [33, 67, 26.570802617517096], [39, 40, -7.390103784100454], [2, 20, 7.231442666334672], [12, 91, 28.28594601551805], [21, 23, 7.6905966324183055], [39, 44, -11.392697268440376], [24, 91, 17.199367366097512], [39, 44, -11.39244515386767], [39, 44, -11.391795458881997], [12, 8, -0.05758197844855317], [1, 1, 24.426545994538472], [12, 43, -6.658179724898957], [21, 7, -24.669225232562646], [21, 6, -24.63107838898364], [21, 6, -24.620716440247136], [21, 6, -24.56734559790731], [21, 6, -24.535286470442138], [21, 6, -24.51796634317453], [21, 6, -24.521473598426848], [21, 6, -24.521467924560472], [21, 6, -24.521629437393422], [21, 6, -24.521861076181096], [21, 6, -24.522185579089374], [21, 6, -24.522598700492853], [21, 6, -24.52306753069612]]
 output
 [101.0217784   99.72128854  99.83470527 100.15514367 100.1261162
  99.78673221 100.07021518 100.21744339  98.25196512 100.32120225
  96.50613724 100.55623741  97.05509322  96.37826968 100.23715467
  99.25981221  96.05323788  99.853597    98.37994513  94.74312161
  98.93313782 101.08317378 100.91167797  94.76822018  94.74434747
  94.74405606  94.74439592  94.74433588  94.74408953  94.74326182
  94.74151794  94.73938292  94.74082675  94.65105232  94.29277452
  92.38221793  93.79014518  92.9278661   97.45667995  98.48429413
  92.58863405  92.37048089  92.37198026  92.37266476  92.37538881
  92.3686866   92.75912604 100.28158731  95.65149277  93.81580632
  92.96562309  94.13247537 100.41278293  98.62760872  99.89098908
  92.36998042  94.19583476  92.38156388  92.38114329  92.38163755
  94.35315129  92.38130384  92.38096986  97.0484274   99.6696067
  97.38171569 100.00118382  99.65727951  99.76733297  99.9848186
  99.2894      99.24947306  99.75800374  99.60311423  97.98626721
  98.05408385  97.91399421  99.7432397   99.65173936  99.62960782
  92.38235414  99.32368994  92.38232905  92.38252504 100.00645392
 100.40038968  99.28466105  91.81711868  85.22648426  85.20558585
  85.10780827  85.07500795  85.07299955  85.07269602  85.07269538
  85.07262352  85.07268565  85.07283188  85.07291025  85.07298903]
最小値:85.07262352106432
入力値:[21, 6, -24.521629437393422]
経過時間:266.9289186000824sec
num_evaluation of BBF = 100.0
 input
[[9, 31, 28.69337382471496], [18, 30, -14.167749657726077], [3, 40, -29.04537834232338], [21, 83, -10.149645039018484], [15, 65, 10.339036394474], [27, 33, 25.771691470387303], [10, 72, -14.706356249691769], [33, 17, 17.445810694602905], [37, 43, -6.921026073212978], [14, 19, -23.971561697937958], [38, 42, -9.248314486816206], [39, 35, -29.5079038183971], [27, 44, -9.55047494160501], [39, 39, -9.236908567643518], [39, 34, -8.81298066224235], [38, 40, -9.707965866020913], [39, 46, -13.188685917792228], [38, 50, -13.126980321777925], [6, 44, -15.930797447027013], [39, 45, -12.32096059659957], [30, 45, 29.306053415736265], [39, 45, -19.51359267319607], [37, 44, -12.12325108181091], [39, 45, -12.116561545831065], [39, 45, -12.328774516302406], [39, 45, -12.327896689873242], [39, 45, -12.329376056764104], [39, 45, -12.328728317470947], [39, 45, -12.32638128646057], [39, 45, -12.321588142720142], [39, 45, -12.313214088672432], [39, 45, -12.298146849687253], [39, 45, -12.273782865756154], [39, 44, -12.24923097273123], [39, 44, -12.116659436734576], [39, 44, -11.380025074796947], [39, 44, -10.551752928825188], [39, 44, -11.230315423788763], [39, 43, -11.509591404143727], [26, 42, -8.644166131310328], [39, 44, -11.518129489466755], [39, 44, -11.410033337693228], [39, 44, -11.411858132458605], [39, 44, -11.415504685710065], [39, 44, -11.3949999655518], [39, 44, -11.40458859271001], [39, 45, -10.069463640096277], [38, 51, -5.575441328634778], [39, 44, -9.80059802463244], [39, 45, -10.641688758272686], [39, 45, -10.160357108037118], [39, 46, -9.652602937661129], [21, 74, 24.43289496401497], [2, 40, 18.6033668362371], [4, 4, -10.689057450992063], [39, 44, -11.408410690577313], [39, 45, -9.843040067605632], [39, 44, -11.38995491031083], [39, 44, -11.389261264179762], [39, 44, -11.388597890255632], [39, 46, -10.137157700560373], [39, 44, -11.385984840642372], [39, 44, -11.385303084888047], [39, 48, -9.321605773727764], [33, 12, 2.9678972697554187], [38, 45, -10.270928568333474], [15, 94, -1.0903856970945043], [36, 77, 10.724723914339776], [37, 86, -10.694504322447127], [20, 46, 2.8516555697854926], [15, 50, 29.31059975309605], [28, 26, 9.64647644336933], [38, 57, 17.016575893325978], [33, 11, -22.00560025939854], [39, 44, -14.044158690986766], [33, 67, 26.570802617517096], [39, 40, -7.390103784100454], [2, 20, 7.231442666334672], [12, 91, 28.28594601551805], [21, 23, 7.6905966324183055], [39, 44, -11.392697268440376], [24, 91, 17.199367366097512], [39, 44, -11.39244515386767], [39, 44, -11.391795458881997], [12, 8, -0.05758197844855317], [1, 1, 24.426545994538472], [12, 43, -6.658179724898957], [21, 7, -24.669225232562646], [21, 6, -24.63107838898364], [21, 6, -24.620716440247136], [21, 6, -24.56734559790731], [21, 6, -24.535286470442138], [21, 6, -24.51796634317453], [21, 6, -24.521473598426848], [21, 6, -24.521467924560472], [21, 6, -24.521629437393422], [21, 6, -24.521861076181096], [21, 6, -24.522185579089374], [21, 6, -24.522598700492853], [21, 6, -24.52306753069612], [21, 6, -24.523582355649523], [21, 6, -24.524132728628416], [21, 5, -24.52470580294306], [21, 6, -24.507366753813024], [21, 6, -24.513369135417516], [21, 6, -24.51412231991543], [21, 6, -24.514401740736474], [21, 6, -24.514330048465673], [21, 6, -24.514279411524566], [21, 6, -24.514144139808472], [21, 6, -24.51395566631365], [21, 6, -24.513724285027067], [21, 6, -24.51345807844306], [21, 6, -24.51317418378518], [21, 6, -24.512881863071037], [21, 6, -24.512630860093715], [20, 6, -24.5123725057785], [20, 6, -24.47285702378651], [20, 6, -24.56525995759334], [20, 6, -24.63972277435478], [20, 6, -24.769391918383896], [20, 6, -24.95454859450386], [20, 6, -24.99373552719928], [20, 6, -25.03366714532282], [20, 6, -25.063285362231404], [20, 6, -25.107209740835984], [20, 6, -25.210377925152706], [20, 6, -25.293946051920827], [20, 6, -25.360664508701667], [20, 6, -25.450613814939466], [20, 6, -25.520660791379417], [20, 6, -25.55327298649826], [20, 6, -25.55524135094186], [20, 6, -25.553825598522316], [20, 6, -25.552420214012116], [20, 6, -25.550659630683587], [20, 6, -25.54890518385352], [20, 6, -25.547001989728123], [20, 6, -25.544657728560008], [20, 6, -25.541763594131048], [20, 6, -25.53848670059606], [20, 6, -25.534904228957174], [20, 6, -25.531353172065238], [20, 6, -25.528071515709097], [20, 6, -25.525151110170803], [20, 6, -25.52270676423123], [19, 6, -25.520055409962247], [20, 7, -25.55908459729767], [20, 6, -25.571247999049667], [20, 6, -25.56720502788909]]
 output
 [101.0217784   99.72128854  99.83470527 100.15514367 100.1261162
  99.78673221 100.07021518 100.21744339  98.25196512 100.32120225
  96.50613724 100.55623741  97.05509322  96.37826968 100.23715467
  99.25981221  96.05323788  99.853597    98.37994513  94.74312161
  98.93313782 101.08317378 100.91167797  94.76822018  94.74434747
  94.74405606  94.74439592  94.74433588  94.74408953  94.74326182
  94.74151794  94.73938292  94.74082675  94.65105232  94.29277452
  92.38221793  93.79014518  92.9278661   97.45667995  98.48429413
  92.58863405  92.37048089  92.37198026  92.37266476  92.37538881
  92.3686866   92.75912604 100.28158731  95.65149277  93.81580632
  92.96562309  94.13247537 100.41278293  98.62760872  99.89098908
  92.36998042  94.19583476  92.38156388  92.38114329  92.38163755
  94.35315129  92.38130384  92.38096986  97.0484274   99.6696067
  97.38171569 100.00118382  99.65727951  99.76733297  99.9848186
  99.2894      99.24947306  99.75800374  99.60311423  97.98626721
  98.05408385  97.91399421  99.7432397   99.65173936  99.62960782
  92.38235414  99.32368994  92.38232905  92.38252504 100.00645392
 100.40038968  99.28466105  91.81711868  85.22648426  85.20558585
  85.10780827  85.07500795  85.07299955  85.07269602  85.07269538
  85.07262352  85.07268565  85.07283188  85.07291025  85.07298903
  85.0730939   85.07337002  95.91904312  85.07921751  85.07711585
  85.07696045  85.07640378  85.07688667  85.07690031  85.07695511
  85.07698486  85.07700991  85.07708745  85.07719456  85.07755873
  85.07763737  72.60616368  72.70659039  72.46956229  72.26301514
  71.81050992  71.32587171  71.26686805  71.21612641  71.16767831
  71.08387392  70.90211249  70.75647675  70.62914591  70.46990746
  70.36771616  70.3349394   70.3336955   70.33455177  70.33596341
  70.33676033  70.33681649  70.33757334  70.33916038  70.34216443
  70.34551754  70.34972146  70.3541615   70.35847525  70.36267013
  70.36538651  95.1492239   93.79063751  70.324703    70.32632208]
最小値:70.32470300355614
入力値:[20, 6, -25.571247999049667]
経過時間:291.5484652519226sec
num_evaluation of BBF = 150.0
 input
[[9, 31, 28.69337382471496], [18, 30, -14.167749657726077], [3, 40, -29.04537834232338], [21, 83, -10.149645039018484], [15, 65, 10.339036394474], [27, 33, 25.771691470387303], [10, 72, -14.706356249691769], [33, 17, 17.445810694602905], [37, 43, -6.921026073212978], [14, 19, -23.971561697937958], [38, 42, -9.248314486816206], [39, 35, -29.5079038183971], [27, 44, -9.55047494160501], [39, 39, -9.236908567643518], [39, 34, -8.81298066224235], [38, 40, -9.707965866020913], [39, 46, -13.188685917792228], [38, 50, -13.126980321777925], [6, 44, -15.930797447027013], [39, 45, -12.32096059659957], [30, 45, 29.306053415736265], [39, 45, -19.51359267319607], [37, 44, -12.12325108181091], [39, 45, -12.116561545831065], [39, 45, -12.328774516302406], [39, 45, -12.327896689873242], [39, 45, -12.329376056764104], [39, 45, -12.328728317470947], [39, 45, -12.32638128646057], [39, 45, -12.321588142720142], [39, 45, -12.313214088672432], [39, 45, -12.298146849687253], [39, 45, -12.273782865756154], [39, 44, -12.24923097273123], [39, 44, -12.116659436734576], [39, 44, -11.380025074796947], [39, 44, -10.551752928825188], [39, 44, -11.230315423788763], [39, 43, -11.509591404143727], [26, 42, -8.644166131310328], [39, 44, -11.518129489466755], [39, 44, -11.410033337693228], [39, 44, -11.411858132458605], [39, 44, -11.415504685710065], [39, 44, -11.3949999655518], [39, 44, -11.40458859271001], [39, 45, -10.069463640096277], [38, 51, -5.575441328634778], [39, 44, -9.80059802463244], [39, 45, -10.641688758272686], [39, 45, -10.160357108037118], [39, 46, -9.652602937661129], [21, 74, 24.43289496401497], [2, 40, 18.6033668362371], [4, 4, -10.689057450992063], [39, 44, -11.408410690577313], [39, 45, -9.843040067605632], [39, 44, -11.38995491031083], [39, 44, -11.389261264179762], [39, 44, -11.388597890255632], [39, 46, -10.137157700560373], [39, 44, -11.385984840642372], [39, 44, -11.385303084888047], [39, 48, -9.321605773727764], [33, 12, 2.9678972697554187], [38, 45, -10.270928568333474], [15, 94, -1.0903856970945043], [36, 77, 10.724723914339776], [37, 86, -10.694504322447127], [20, 46, 2.8516555697854926], [15, 50, 29.31059975309605], [28, 26, 9.64647644336933], [38, 57, 17.016575893325978], [33, 11, -22.00560025939854], [39, 44, -14.044158690986766], [33, 67, 26.570802617517096], [39, 40, -7.390103784100454], [2, 20, 7.231442666334672], [12, 91, 28.28594601551805], [21, 23, 7.6905966324183055], [39, 44, -11.392697268440376], [24, 91, 17.199367366097512], [39, 44, -11.39244515386767], [39, 44, -11.391795458881997], [12, 8, -0.05758197844855317], [1, 1, 24.426545994538472], [12, 43, -6.658179724898957], [21, 7, -24.669225232562646], [21, 6, -24.63107838898364], [21, 6, -24.620716440247136], [21, 6, -24.56734559790731], [21, 6, -24.535286470442138], [21, 6, -24.51796634317453], [21, 6, -24.521473598426848], [21, 6, -24.521467924560472], [21, 6, -24.521629437393422], [21, 6, -24.521861076181096], [21, 6, -24.522185579089374], [21, 6, -24.522598700492853], [21, 6, -24.52306753069612], [21, 6, -24.523582355649523], [21, 6, -24.524132728628416], [21, 5, -24.52470580294306], [21, 6, -24.507366753813024], [21, 6, -24.513369135417516], [21, 6, -24.51412231991543], [21, 6, -24.514401740736474], [21, 6, -24.514330048465673], [21, 6, -24.514279411524566], [21, 6, -24.514144139808472], [21, 6, -24.51395566631365], [21, 6, -24.513724285027067], [21, 6, -24.51345807844306], [21, 6, -24.51317418378518], [21, 6, -24.512881863071037], [21, 6, -24.512630860093715], [20, 6, -24.5123725057785], [20, 6, -24.47285702378651], [20, 6, -24.56525995759334], [20, 6, -24.63972277435478], [20, 6, -24.769391918383896], [20, 6, -24.95454859450386], [20, 6, -24.99373552719928], [20, 6, -25.03366714532282], [20, 6, -25.063285362231404], [20, 6, -25.107209740835984], [20, 6, -25.210377925152706], [20, 6, -25.293946051920827], [20, 6, -25.360664508701667], [20, 6, -25.450613814939466], [20, 6, -25.520660791379417], [20, 6, -25.55327298649826], [20, 6, -25.55524135094186], [20, 6, -25.553825598522316], [20, 6, -25.552420214012116], [20, 6, -25.550659630683587], [20, 6, -25.54890518385352], [20, 6, -25.547001989728123], [20, 6, -25.544657728560008], [20, 6, -25.541763594131048], [20, 6, -25.53848670059606], [20, 6, -25.534904228957174], [20, 6, -25.531353172065238], [20, 6, -25.528071515709097], [20, 6, -25.525151110170803], [20, 6, -25.52270676423123], [19, 6, -25.520055409962247], [20, 7, -25.55908459729767], [20, 6, -25.571247999049667], [20, 6, -25.56720502788909], [20, 6, -25.56724010964265], [20, 6, -25.56789256779498], [20, 6, -25.56884607367932], [20, 6, -25.56994013864325], [20, 6, -25.57112405092075], [20, 6, -25.57231481546802], [20, 6, -25.57357680572214], [20, 6, -25.574775753537967], [20, 6, -25.5760782974357], [20, 6, -25.577626086742885], [20, 6, -25.579224461790034], [20, 6, -25.5808137667435], [20, 5, -25.5826244302913], [20, 5, -25.581087552522472], [20, 5, -25.576575665957655], [20, 5, -25.521324006113293], [20, 5, -25.374397395108637], [20, 5, -24.83508435837239], [20, 5, -24.57037311099982], [20, 5, -24.778801170029226], [20, 5, -24.763135856531438], [20, 5, -24.744437307141354], [20, 5, -24.718267304050336], [20, 5, -24.684990587481362], [20, 5, -24.15389806963382], [20, 5, -24.217069160772354], [20, 5, -23.649485957823142], [20, 5, -24.221881311175395], [20, 5, -24.207983350871725], [20, 5, -24.19966854024604], [20, 5, -24.191711561264675], [20, 5, -24.1836287069644], [20, 5, -24.17565734367959], [20, 5, -24.168097974405594], [20, 5, -24.161274265913974], [20, 5, -24.155179405453076], [20, 5, -24.149585738764593], [20, 5, -24.144204553883473], [20, 5, -24.138911180981452], [20, 5, -24.133533849494935], [20, 5, -24.12794524031355], [20, 5, -24.122121757571808], [20, 5, -24.115866093794757], [20, 4, -24.108768371355993], [1, 72, 16.29130469147394], [20, 3, 28.255263436319026], [20, 5, -27.66623236465042], [20, 5, -24.707084856053257], [1, 92, -29.129841690514795], [30, 66, -28.560985605341045]]
 output
 [101.0217784   99.72128854  99.83470527 100.15514367 100.1261162
  99.78673221 100.07021518 100.21744339  98.25196512 100.32120225
  96.50613724 100.55623741  97.05509322  96.37826968 100.23715467
  99.25981221  96.05323788  99.853597    98.37994513  94.74312161
  98.93313782 101.08317378 100.91167797  94.76822018  94.74434747
  94.74405606  94.74439592  94.74433588  94.74408953  94.74326182
  94.74151794  94.73938292  94.74082675  94.65105232  94.29277452
  92.38221793  93.79014518  92.9278661   97.45667995  98.48429413
  92.58863405  92.37048089  92.37198026  92.37266476  92.37538881
  92.3686866   92.75912604 100.28158731  95.65149277  93.81580632
  92.96562309  94.13247537 100.41278293  98.62760872  99.89098908
  92.36998042  94.19583476  92.38156388  92.38114329  92.38163755
  94.35315129  92.38130384  92.38096986  97.0484274   99.6696067
  97.38171569 100.00118382  99.65727951  99.76733297  99.9848186
  99.2894      99.24947306  99.75800374  99.60311423  97.98626721
  98.05408385  97.91399421  99.7432397   99.65173936  99.62960782
  92.38235414  99.32368994  92.38232905  92.38252504 100.00645392
 100.40038968  99.28466105  91.81711868  85.22648426  85.20558585
  85.10780827  85.07500795  85.07299955  85.07269602  85.07269538
  85.07262352  85.07268565  85.07283188  85.07291025  85.07298903
  85.0730939   85.07337002  95.91904312  85.07921751  85.07711585
  85.07696045  85.07640378  85.07688667  85.07690031  85.07695511
  85.07698486  85.07700991  85.07708745  85.07719456  85.07755873
  85.07763737  72.60616368  72.70659039  72.46956229  72.26301514
  71.81050992  71.32587171  71.26686805  71.21612641  71.16767831
  71.08387392  70.90211249  70.75647675  70.62914591  70.46990746
  70.36771616  70.3349394   70.3336955   70.33455177  70.33596341
  70.33676033  70.33681649  70.33757334  70.33916038  70.34216443
  70.34551754  70.34972146  70.3541615   70.35847525  70.36267013
  70.36538651  95.1492239   93.79063751  70.324703    70.32632208
  70.32630486  70.32595532  70.32554887  70.3251021   70.32475521
  70.32426651  70.32405248  70.32351155  70.32251657  70.32182533
  70.32127347  70.32019303  68.7125795   68.70847025  68.69663588
  68.49292173  67.64534542  64.48848145  64.89106765  64.55835224
  64.59829177  64.63648141  64.67932104  64.78725853  65.09518147
  65.14783816  67.10173298  65.15578101  65.13283156  65.11800536
  65.10803768  65.10185121  65.09688826  65.09478679  65.09458801
  65.09482333  65.09568053  65.09889882  65.10191797  65.10411735
  65.10661184  65.11212543  65.1210219   97.27816974  99.46870919
  95.71456057  74.01429753  64.71171674  98.88701032  99.80122545]
最小値:64.48848145323036
入力値:[20, 5, -24.83508435837239]
経過時間:333.2130391597748sec
num_evaluation of BBF = 200.0
 input
[[0, 23, -7.348981560384168], [32, 41, 6.721999986679329], [30, 39, 22.325315093275222], [36, 14, 12.09167484681111], [16, 79, -28.723120796937454], [14, 46, 22.488953471380803], [2, 26, -12.471451617984233], [26, 29, -19.03783228802256], [17, 51, 26.712234867876035], [20, 65, -22.69754378703294], [1, 28, -14.505211538590359], [1, 31, 29.171884981518026], [38, 34, -24.320881729905416], [39, 25, -30.0], [39, 59, -22.621833036848823]]
 output
 [100.27466155  99.57490949  99.15419468  99.351222   100.09584904
 100.58917629  98.61905305  98.31623009 100.13081732 100.09181949
  98.41123844  98.34273524  89.97712231  95.67538494  99.58708522]
最小値:89.97712231100871
入力値:[38, 34, -24.320881729905416]
経過時間:72.67695832252502sec
num_evaluation of BBF = 15.0
 input
[[0, 23, -7.348981560384168], [32, 41, 6.721999986679329], [30, 39, 22.325315093275222], [36, 14, 12.09167484681111], [16, 79, -28.723120796937454], [14, 46, 22.488953471380803], [2, 26, -12.471451617984233], [26, 29, -19.03783228802256], [17, 51, 26.712234867876035], [20, 65, -22.69754378703294], [1, 28, -14.505211538590359], [1, 31, 29.171884981518026], [38, 34, -24.320881729905416], [39, 25, -30.0], [39, 59, -22.621833036848823], [39, 36, -25.883533814987754], [15, 84, -24.48515175485542], [38, 6, -28.10447999946312], [2, 40, -29.76947870185072], [39, 25, -9.415712532027865], [39, 94, 25.946622491027973], [30, 41, -29.61069527335108], [0, 95, 25.85846076765189], [3, 1, 29.24524356023027], [2, 34, 15.964020269804692], [17, 1, -28.17270047031444], [38, 96, -28.097133458702984], [1, 1, -27.36030657184402], [0, 69, -5.781544117878671], [38, 32, 17.01166191026249]]
 output
 [100.27466155  99.57490949  99.15419468  99.351222   100.09584904
 100.58917629  98.61905305  98.31623009 100.13081732 100.09181949
  98.41123844  98.34273524  89.97712231  95.67538494  99.58708522
  99.57278067 100.20847363  99.7759442  101.96313619  98.58627635
  99.5970257   98.793061    99.66184045 101.66483798 100.08804865
  97.96583624  99.98074929 100.01202212 100.35436724  99.15841692]
最小値:89.97712231100871
入力値:[38, 34, -24.320881729905416]
経過時間:74.9670238494873sec
num_evaluation of BBF = 30.0
 input
[[0, 23, -7.348981560384168], [32, 41, 6.721999986679329], [30, 39, 22.325315093275222], [36, 14, 12.09167484681111], [16, 79, -28.723120796937454], [14, 46, 22.488953471380803], [2, 26, -12.471451617984233], [26, 29, -19.03783228802256], [17, 51, 26.712234867876035], [20, 65, -22.69754378703294], [1, 28, -14.505211538590359], [1, 31, 29.171884981518026], [38, 34, -24.320881729905416], [39, 25, -30.0], [39, 59, -22.621833036848823], [39, 36, -25.883533814987754], [15, 84, -24.48515175485542], [38, 6, -28.10447999946312], [2, 40, -29.76947870185072], [39, 25, -9.415712532027865], [39, 94, 25.946622491027973], [30, 41, -29.61069527335108], [0, 95, 25.85846076765189], [3, 1, 29.24524356023027], [2, 34, 15.964020269804692], [17, 1, -28.17270047031444], [38, 96, -28.097133458702984], [1, 1, -27.36030657184402], [0, 69, -5.781544117878671], [38, 32, 17.01166191026249], [38, 68, 28.34361532034449], [25, 1, 28.646636752231082], [20, 95, 28.89572663769576], [35, 34, -25.10167786280894], [39, 0, -1.6506176760135212], [3, 96, -29.26539016428778], [1, 68, 29.452940546290222], [22, 15, -29.947926651171468], [37, 34, -29.63916688830714], [14, 0, -18.20897554268212], [27, 59, -10.221760690260304], [10, 0, -28.614599609715633], [30, 3, -25.87533846947325], [11, 96, -12.44320095688434], [25, 93, 26.812809350194513], [39, 78, -27.120023292245843], [16, 27, -25.718020455117024], [31, 96, -13.924771908810712], [38, 0, 6.152975521150246], [0, 55, -13.119190351879151]]
 output
 [100.27466155  99.57490949  99.15419468  99.351222   100.09584904
 100.58917629  98.61905305  98.31623009 100.13081732 100.09181949
  98.41123844  98.34273524  89.97712231  95.67538494  99.58708522
  99.57278067 100.20847363  99.7759442  101.96313619  98.58627635
  99.5970257   98.793061    99.66184045 101.66483798 100.08804865
  97.96583624  99.98074929 100.01202212 100.35436724  99.15841692
  99.62956931 100.60415527 100.38814296 100.05031829  99.95702275
 100.0929522   99.28514153 101.36435829 100.36182215  98.85580613
 100.19147781 101.06747856  98.51231436 100.0558142  100.10117486
  99.41415262 100.17690665  99.99014609 100.20836117 100.101235  ]
最小値:89.97712231100871
入力値:[38, 34, -24.320881729905416]
経過時間:101.57084894180298sec
num_evaluation of BBF = 50.0
 input
[[0, 23, -7.348981560384168], [32, 41, 6.721999986679329], [30, 39, 22.325315093275222], [36, 14, 12.09167484681111], [16, 79, -28.723120796937454], [14, 46, 22.488953471380803], [2, 26, -12.471451617984233], [26, 29, -19.03783228802256], [17, 51, 26.712234867876035], [20, 65, -22.69754378703294], [1, 28, -14.505211538590359], [1, 31, 29.171884981518026], [38, 34, -24.320881729905416], [39, 25, -30.0], [39, 59, -22.621833036848823], [39, 36, -25.883533814987754], [15, 84, -24.48515175485542], [38, 6, -28.10447999946312], [2, 40, -29.76947870185072], [39, 25, -9.415712532027865], [39, 94, 25.946622491027973], [30, 41, -29.61069527335108], [0, 95, 25.85846076765189], [3, 1, 29.24524356023027], [2, 34, 15.964020269804692], [17, 1, -28.17270047031444], [38, 96, -28.097133458702984], [1, 1, -27.36030657184402], [0, 69, -5.781544117878671], [38, 32, 17.01166191026249], [38, 68, 28.34361532034449], [25, 1, 28.646636752231082], [20, 95, 28.89572663769576], [35, 34, -25.10167786280894], [39, 0, -1.6506176760135212], [3, 96, -29.26539016428778], [1, 68, 29.452940546290222], [22, 15, -29.947926651171468], [37, 34, -29.63916688830714], [14, 0, -18.20897554268212], [27, 59, -10.221760690260304], [10, 0, -28.614599609715633], [30, 3, -25.87533846947325], [11, 96, -12.44320095688434], [25, 93, 26.812809350194513], [39, 78, -27.120023292245843], [16, 27, -25.718020455117024], [31, 96, -13.924771908810712], [38, 0, 6.152975521150246], [0, 55, -13.119190351879151], [39, 53, -12.26795850685324], [0, 83, -11.021651202895654], [29, 76, 29.370078081907508], [0, 12, 26.459235971795323], [38, 28, -29.268608021590715], [38, 34, -23.974948051752847], [38, 34, -26.813569009172646], [38, 33, -24.31950320412453], [38, 43, -28.795793446328933], [38, 34, -24.31843933009756], [38, 34, -24.31625456800903], [38, 34, -24.314135295565773], [27, 34, -24.189525803981912], [38, 34, -24.3022218833111], [38, 34, -24.315229197499878], [38, 34, -24.316595468529332], [38, 27, -29.470879479464816], [38, 34, -24.31693519587239], [38, 34, -24.31373030921783], [38, 34, -24.31181177813148], [38, 34, -24.307955905746425], [38, 34, -24.304319907528942], [39, 86, -24.07488950801223], [38, 73, -24.04623131133763], [38, 34, -24.312507380265497], [38, 34, -24.312192874170993], [38, 34, -24.31149482270232], [38, 34, -24.310374097996267], [38, 27, -29.504157359865246], [38, 34, -24.250591702157486], [38, 34, -24.278655697780138], [38, 34, -24.278093088457418], [38, 34, -24.27689515952374], [38, 34, -24.275666392754253], [38, 27, -29.037504893175242], [38, 35, -24.249317224883264], [38, 34, -24.25899825165595], [38, 34, -24.258103374119045], [38, 34, -24.254556611863713], [38, 34, -24.249650461172017], [38, 34, -24.242582068468074], [39, 31, -30.0], [38, 34, -24.231109937315736], [38, 34, -24.219947663421035], [38, 34, -24.20666922749014], [38, 27, -28.9719528571008], [38, 27, -28.71117730013698], [38, 27, -28.658930894728712], [38, 27, -28.76352593400346], [38, 27, -28.762762729727257]]
 output
 [100.27466155  99.57490949  99.15419468  99.351222   100.09584904
 100.58917629  98.61905305  98.31623009 100.13081732 100.09181949
  98.41123844  98.34273524  89.97712231  95.67538494  99.58708522
  99.57278067 100.20847363  99.7759442  101.96313619  98.58627635
  99.5970257   98.793061    99.66184045 101.66483798 100.08804865
  97.96583624  99.98074929 100.01202212 100.35436724  99.15841692
  99.62956931 100.60415527 100.38814296 100.05031829  99.95702275
 100.0929522   99.28514153 101.36435829 100.36182215  98.85580613
 100.19147781 101.06747856  98.51231436 100.0558142  100.10117486
  99.41415262 100.17690665  99.99014609 100.20836117 100.101235
 100.16008875  99.85954018  99.45849512  97.6157608   94.10856302
  90.19637755  95.94971476  98.5988846   99.55446103  89.98139436
  89.97750578  89.96628224  99.48872121  89.97914876  89.96755191
  89.97823364  91.94991849  89.98073941  89.96630322  89.96713295
  89.97024839  89.97883821  99.53639932  99.61466373  89.96985565
  89.96779193  89.968022    89.96734562  92.34849535  90.04278495
  89.99966331  89.99945444  90.00138496  90.0038335   88.97653401
  90.84606759  90.02629733  90.02968215  90.03612991  90.04541473
  90.06059002  94.07852444  90.08180512  90.10835828  90.17506802
  88.67775225  87.89268498  88.0569371   87.81197182  87.81232454]
最小値:87.81197181691904
入力値:[38, 27, -28.76352593400346]
経過時間:268.809606552124sec
num_evaluation of BBF = 100.0
 input
[[0, 23, -7.348981560384168], [32, 41, 6.721999986679329], [30, 39, 22.325315093275222], [36, 14, 12.09167484681111], [16, 79, -28.723120796937454], [14, 46, 22.488953471380803], [2, 26, -12.471451617984233], [26, 29, -19.03783228802256], [17, 51, 26.712234867876035], [20, 65, -22.69754378703294], [1, 28, -14.505211538590359], [1, 31, 29.171884981518026], [38, 34, -24.320881729905416], [39, 25, -30.0], [39, 59, -22.621833036848823], [39, 36, -25.883533814987754], [15, 84, -24.48515175485542], [38, 6, -28.10447999946312], [2, 40, -29.76947870185072], [39, 25, -9.415712532027865], [39, 94, 25.946622491027973], [30, 41, -29.61069527335108], [0, 95, 25.85846076765189], [3, 1, 29.24524356023027], [2, 34, 15.964020269804692], [17, 1, -28.17270047031444], [38, 96, -28.097133458702984], [1, 1, -27.36030657184402], [0, 69, -5.781544117878671], [38, 32, 17.01166191026249], [38, 68, 28.34361532034449], [25, 1, 28.646636752231082], [20, 95, 28.89572663769576], [35, 34, -25.10167786280894], [39, 0, -1.6506176760135212], [3, 96, -29.26539016428778], [1, 68, 29.452940546290222], [22, 15, -29.947926651171468], [37, 34, -29.63916688830714], [14, 0, -18.20897554268212], [27, 59, -10.221760690260304], [10, 0, -28.614599609715633], [30, 3, -25.87533846947325], [11, 96, -12.44320095688434], [25, 93, 26.812809350194513], [39, 78, -27.120023292245843], [16, 27, -25.718020455117024], [31, 96, -13.924771908810712], [38, 0, 6.152975521150246], [0, 55, -13.119190351879151], [39, 53, -12.26795850685324], [0, 83, -11.021651202895654], [29, 76, 29.370078081907508], [0, 12, 26.459235971795323], [38, 28, -29.268608021590715], [38, 34, -23.974948051752847], [38, 34, -26.813569009172646], [38, 33, -24.31950320412453], [38, 43, -28.795793446328933], [38, 34, -24.31843933009756], [38, 34, -24.31625456800903], [38, 34, -24.314135295565773], [27, 34, -24.189525803981912], [38, 34, -24.3022218833111], [38, 34, -24.315229197499878], [38, 34, -24.316595468529332], [38, 27, -29.470879479464816], [38, 34, -24.31693519587239], [38, 34, -24.31373030921783], [38, 34, -24.31181177813148], [38, 34, -24.307955905746425], [38, 34, -24.304319907528942], [39, 86, -24.07488950801223], [38, 73, -24.04623131133763], [38, 34, -24.312507380265497], [38, 34, -24.312192874170993], [38, 34, -24.31149482270232], [38, 34, -24.310374097996267], [38, 27, -29.504157359865246], [38, 34, -24.250591702157486], [38, 34, -24.278655697780138], [38, 34, -24.278093088457418], [38, 34, -24.27689515952374], [38, 34, -24.275666392754253], [38, 27, -29.037504893175242], [38, 35, -24.249317224883264], [38, 34, -24.25899825165595], [38, 34, -24.258103374119045], [38, 34, -24.254556611863713], [38, 34, -24.249650461172017], [38, 34, -24.242582068468074], [39, 31, -30.0], [38, 34, -24.231109937315736], [38, 34, -24.219947663421035], [38, 34, -24.20666922749014], [38, 27, -28.9719528571008], [38, 27, -28.71117730013698], [38, 27, -28.658930894728712], [38, 27, -28.76352593400346], [38, 27, -28.762762729727257], [38, 27, -28.76298038347776], [38, 27, -28.7632626692398], [38, 27, -28.763553405531194], [38, 27, -28.763849890246377], [38, 27, -28.76415127761979], [38, 27, -28.764445795964555], [38, 35, -23.425061136461625], [38, 34, -23.45594297989425], [38, 35, -23.562575029567874], [39, 38, -23.698179135918313], [38, 35, -23.716748760537964], [38, 35, -23.567110497163636], [38, 26, -28.76969558929777], [34, 27, -28.78069486859485], [38, 27, -28.779145014835166], [38, 27, -28.777621874489274], [38, 27, -28.77917906318829], [38, 27, -28.779791725771492], [38, 27, -28.780309137772118], [38, 27, -28.780730154843575], [38, 27, -28.781101494404503], [38, 27, -28.781436151138244], [39, 27, -28.772187840657374], [39, 16, -27.74587393620787], [38, 27, -28.78090569557623], [38, 27, -28.781267137701764], [38, 27, -28.78158317044801], [38, 27, -28.781881770176973], [38, 27, -28.782141655545036], [38, 27, -28.78240024792743], [38, 27, -28.782650342696893], [38, 35, -23.57615310462682], [38, 27, -28.783114641277702], [38, 27, -28.783317003245124], [38, 27, -28.78350281981198], [38, 27, -28.78367452577768], [38, 26, -28.783822139214408], [38, 26, -28.713438867752398], [37, 28, -28.58695989033016], [38, 35, -23.583547049953776], [38, 74, -11.939254441690633], [38, 35, -23.584378730389474], [37, 35, -23.604826635627315], [9, 50, 6.766540599587536], [34, 62, 16.935873380787434], [4, 5, -0.2693192478600501], [21, 53, 3.741957477320163], [24, 27, 1.3409125938000734], [2, 93, 1.8209890048264725], [38, 28, -28.401974425912528]]
 output
 [100.27466155  99.57490949  99.15419468  99.351222   100.09584904
 100.58917629  98.61905305  98.31623009 100.13081732 100.09181949
  98.41123844  98.34273524  89.97712231  95.67538494  99.58708522
  99.57278067 100.20847363  99.7759442  101.96313619  98.58627635
  99.5970257   98.793061    99.66184045 101.66483798 100.08804865
  97.96583624  99.98074929 100.01202212 100.35436724  99.15841692
  99.62956931 100.60415527 100.38814296 100.05031829  99.95702275
 100.0929522   99.28514153 101.36435829 100.36182215  98.85580613
 100.19147781 101.06747856  98.51231436 100.0558142  100.10117486
  99.41415262 100.17690665  99.99014609 100.20836117 100.101235
 100.16008875  99.85954018  99.45849512  97.6157608   94.10856302
  90.19637755  95.94971476  98.5988846   99.55446103  89.98139436
  89.97750578  89.96628224  99.48872121  89.97914876  89.96755191
  89.97823364  91.94991849  89.98073941  89.96630322  89.96713295
  89.97024839  89.97883821  99.53639932  99.61466373  89.96985565
  89.96779193  89.968022    89.96734562  92.34849535  90.04278495
  89.99966331  89.99945444  90.00138496  90.0038335   88.97653401
  90.84606759  90.02629733  90.02968215  90.03612991  90.04541473
  90.06059002  94.07852444  90.08180512  90.10835828  90.17506802
  88.67775225  87.89268498  88.0569371   87.81197182  87.81232454
  87.81234599  87.81191777  87.81192475  87.81221805  87.81231764
  87.81242198  88.39747253  89.4186265   86.9493262   99.04719352
  88.83302364  86.95420204  88.0362602   94.47440506  87.81610977
  87.82468536  87.81615146  87.81695504  87.81844413  87.81954125
  87.82065502  87.82163357  96.64660029  99.74764584  87.81980539
  87.82127481  87.82203803  87.82340279  87.823767    87.82424978
  87.82487881  86.95960298  87.82606235  87.82660405  87.82715558
  87.82792893  88.08362044  90.41786092  95.93399136  86.99831074
  99.8405415   87.00410792  97.23595742  99.87568003 100.33648941
  99.98921499  99.94288299 100.10129017 100.0349183   90.09506759]
最小値:86.94932619674539
入力値:[38, 35, -23.562575029567874]
経過時間:288.4768633842468sec
num_evaluation of BBF = 150.0
 input
[[0, 23, -7.348981560384168], [32, 41, 6.721999986679329], [30, 39, 22.325315093275222], [36, 14, 12.09167484681111], [16, 79, -28.723120796937454], [14, 46, 22.488953471380803], [2, 26, -12.471451617984233], [26, 29, -19.03783228802256], [17, 51, 26.712234867876035], [20, 65, -22.69754378703294], [1, 28, -14.505211538590359], [1, 31, 29.171884981518026], [38, 34, -24.320881729905416], [39, 25, -30.0], [39, 59, -22.621833036848823], [39, 36, -25.883533814987754], [15, 84, -24.48515175485542], [38, 6, -28.10447999946312], [2, 40, -29.76947870185072], [39, 25, -9.415712532027865], [39, 94, 25.946622491027973], [30, 41, -29.61069527335108], [0, 95, 25.85846076765189], [3, 1, 29.24524356023027], [2, 34, 15.964020269804692], [17, 1, -28.17270047031444], [38, 96, -28.097133458702984], [1, 1, -27.36030657184402], [0, 69, -5.781544117878671], [38, 32, 17.01166191026249], [38, 68, 28.34361532034449], [25, 1, 28.646636752231082], [20, 95, 28.89572663769576], [35, 34, -25.10167786280894], [39, 0, -1.6506176760135212], [3, 96, -29.26539016428778], [1, 68, 29.452940546290222], [22, 15, -29.947926651171468], [37, 34, -29.63916688830714], [14, 0, -18.20897554268212], [27, 59, -10.221760690260304], [10, 0, -28.614599609715633], [30, 3, -25.87533846947325], [11, 96, -12.44320095688434], [25, 93, 26.812809350194513], [39, 78, -27.120023292245843], [16, 27, -25.718020455117024], [31, 96, -13.924771908810712], [38, 0, 6.152975521150246], [0, 55, -13.119190351879151], [39, 53, -12.26795850685324], [0, 83, -11.021651202895654], [29, 76, 29.370078081907508], [0, 12, 26.459235971795323], [38, 28, -29.268608021590715], [38, 34, -23.974948051752847], [38, 34, -26.813569009172646], [38, 33, -24.31950320412453], [38, 43, -28.795793446328933], [38, 34, -24.31843933009756], [38, 34, -24.31625456800903], [38, 34, -24.314135295565773], [27, 34, -24.189525803981912], [38, 34, -24.3022218833111], [38, 34, -24.315229197499878], [38, 34, -24.316595468529332], [38, 27, -29.470879479464816], [38, 34, -24.31693519587239], [38, 34, -24.31373030921783], [38, 34, -24.31181177813148], [38, 34, -24.307955905746425], [38, 34, -24.304319907528942], [39, 86, -24.07488950801223], [38, 73, -24.04623131133763], [38, 34, -24.312507380265497], [38, 34, -24.312192874170993], [38, 34, -24.31149482270232], [38, 34, -24.310374097996267], [38, 27, -29.504157359865246], [38, 34, -24.250591702157486], [38, 34, -24.278655697780138], [38, 34, -24.278093088457418], [38, 34, -24.27689515952374], [38, 34, -24.275666392754253], [38, 27, -29.037504893175242], [38, 35, -24.249317224883264], [38, 34, -24.25899825165595], [38, 34, -24.258103374119045], [38, 34, -24.254556611863713], [38, 34, -24.249650461172017], [38, 34, -24.242582068468074], [39, 31, -30.0], [38, 34, -24.231109937315736], [38, 34, -24.219947663421035], [38, 34, -24.20666922749014], [38, 27, -28.9719528571008], [38, 27, -28.71117730013698], [38, 27, -28.658930894728712], [38, 27, -28.76352593400346], [38, 27, -28.762762729727257], [38, 27, -28.76298038347776], [38, 27, -28.7632626692398], [38, 27, -28.763553405531194], [38, 27, -28.763849890246377], [38, 27, -28.76415127761979], [38, 27, -28.764445795964555], [38, 35, -23.425061136461625], [38, 34, -23.45594297989425], [38, 35, -23.562575029567874], [39, 38, -23.698179135918313], [38, 35, -23.716748760537964], [38, 35, -23.567110497163636], [38, 26, -28.76969558929777], [34, 27, -28.78069486859485], [38, 27, -28.779145014835166], [38, 27, -28.777621874489274], [38, 27, -28.77917906318829], [38, 27, -28.779791725771492], [38, 27, -28.780309137772118], [38, 27, -28.780730154843575], [38, 27, -28.781101494404503], [38, 27, -28.781436151138244], [39, 27, -28.772187840657374], [39, 16, -27.74587393620787], [38, 27, -28.78090569557623], [38, 27, -28.781267137701764], [38, 27, -28.78158317044801], [38, 27, -28.781881770176973], [38, 27, -28.782141655545036], [38, 27, -28.78240024792743], [38, 27, -28.782650342696893], [38, 35, -23.57615310462682], [38, 27, -28.783114641277702], [38, 27, -28.783317003245124], [38, 27, -28.78350281981198], [38, 27, -28.78367452577768], [38, 26, -28.783822139214408], [38, 26, -28.713438867752398], [37, 28, -28.58695989033016], [38, 35, -23.583547049953776], [38, 74, -11.939254441690633], [38, 35, -23.584378730389474], [37, 35, -23.604826635627315], [9, 50, 6.766540599587536], [34, 62, 16.935873380787434], [4, 5, -0.2693192478600501], [21, 53, 3.741957477320163], [24, 27, 1.3409125938000734], [2, 93, 1.8209890048264725], [38, 28, -28.401974425912528], [39, 29, -27.600531016359295], [12, 96, 12.430727345573182], [6, 96, 30.0], [34, 73, 0.7940448291929982], [38, 26, -28.924683298669777], [39, 29, -6.623443675180699], [33, 0, -30.0], [39, 18, 28.823044285754413], [7, 0, 30.0], [19, 0, 30.0], [23, 96, -30.0], [8, 12, 10.809068466790158], [39, 28, -22.38397855119129], [38, 49, 29.538066852492143], [2, 80, 28.49055241018535], [1, 55, 28.99235126865824], [0, 73, -28.305612716444774], [1, 15, -29.74367322638241], [33, 24, -27.773053323710396], [38, 36, -23.589280475051588], [1, 19, 29.326153089424423], [8, 96, -30.0], [28, 0, 30.0], [38, 35, -24.862656273319658], [6, 49, -30.0], [28, 96, -30.0], [38, 29, -27.512958037542788], [0, 88, 25.665150676899636], [39, 21, -28.395795152429898], [33, 25, -28.904019704174445], [12, 0, 30.0], [33, 26, -27.67481855376925], [38, 35, -23.593182349249396], [20, 23, 29.986175466435206], [39, 28, 29.76610774438729], [32, 25, -28.07264373556653], [31, 25, -27.37038536315537], [31, 22, 30.0], [39, 35, 30.0], [31, 0, 30.0], [32, 25, -27.171338646785422], [32, 24, -27.07480394320108], [32, 26, -27.18270977477184], [39, 93, 6.0545448917500835], [39, 82, 25.670114527189035], [30, 23, 29.984870488065013], [35, 96, 30.0], [32, 25, -27.407215954328898], [39, 9, 29.66623633223432], [32, 21, 30.0]]
 output
 [100.27466155  99.57490949  99.15419468  99.351222   100.09584904
 100.58917629  98.61905305  98.31623009 100.13081732 100.09181949
  98.41123844  98.34273524  89.97712231  95.67538494  99.58708522
  99.57278067 100.20847363  99.7759442  101.96313619  98.58627635
  99.5970257   98.793061    99.66184045 101.66483798 100.08804865
  97.96583624  99.98074929 100.01202212 100.35436724  99.15841692
  99.62956931 100.60415527 100.38814296 100.05031829  99.95702275
 100.0929522   99.28514153 101.36435829 100.36182215  98.85580613
 100.19147781 101.06747856  98.51231436 100.0558142  100.10117486
  99.41415262 100.17690665  99.99014609 100.20836117 100.101235
 100.16008875  99.85954018  99.45849512  97.6157608   94.10856302
  90.19637755  95.94971476  98.5988846   99.55446103  89.98139436
  89.97750578  89.96628224  99.48872121  89.97914876  89.96755191
  89.97823364  91.94991849  89.98073941  89.96630322  89.96713295
  89.97024839  89.97883821  99.53639932  99.61466373  89.96985565
  89.96779193  89.968022    89.96734562  92.34849535  90.04278495
  89.99966331  89.99945444  90.00138496  90.0038335   88.97653401
  90.84606759  90.02629733  90.02968215  90.03612991  90.04541473
  90.06059002  94.07852444  90.08180512  90.10835828  90.17506802
  88.67775225  87.89268498  88.0569371   87.81197182  87.81232454
  87.81234599  87.81191777  87.81192475  87.81221805  87.81231764
  87.81242198  88.39747253  89.4186265   86.9493262   99.04719352
  88.83302364  86.95420204  88.0362602   94.47440506  87.81610977
  87.82468536  87.81615146  87.81695504  87.81844413  87.81954125
  87.82065502  87.82163357  96.64660029  99.74764584  87.81980539
  87.82127481  87.82203803  87.82340279  87.823767    87.82424978
  87.82487881  86.95960298  87.82606235  87.82660405  87.82715558
  87.82792893  88.08362044  90.41786092  95.93399136  86.99831074
  99.8405415   87.00410792  97.23595742  99.87568003 100.33648941
  99.98921499  99.94288299 100.10129017 100.0349183   90.09506759
  94.96167011 100.00962442 100.00703601 100.01829645  90.80734199
  99.00260501 100.80228804  97.78814919 104.73352596 100.26198782
  99.94080436  97.69094561  95.29182215  97.78315718 100.2585243
  99.89296965  99.39517339  99.01593115  93.66942645  94.89497976
  97.78280898 100.15746714  99.44073545  93.17154925 101.38269266
  99.92730761  92.83834698 101.37951619  94.29074269  93.84767244
 110.28613954  93.68700041  87.09417637  98.69402679  98.51519372
  91.4276854   91.63163052  91.89258387  94.98571922 100.94955291
  86.19155263  96.21327576  94.87206093 100.22505739 100.54707438
  95.49820681  99.9989048   84.86885215 101.70364283  95.70157141]
最小値:84.8688521458442
入力値:[32, 25, -27.407215954328898]
経過時間:315.0571346282959sec
num_evaluation of BBF = 200.0
 input
[[14, 48, -29.54741427280179], [12, 1, 22.633272447515218], [5, 13, -6.246848995015629], [19, 30, -7.562929115758525], [29, 93, 12.092906790715375], [5, 13, 27.04842949561975], [22, 91, 7.773061705129749], [22, 61, 15.901103738184766], [15, 80, -23.73252279923726], [3, 6, -0.5412198679713285], [5, 18, 30.0], [27, 16, 27.092032040138896], [10, 12, 26.49552569385731], [5, 39, 26.865101931950385], [4, 12, 26.733162350991634]]
 output
 [ 96.45964942 103.87914834 100.32777651 100.03039939 100.2306479
  95.09730157  99.8365095  100.6481606  100.03551646  99.97638527
 103.78845927  99.39965684 103.11007756  99.2123013   95.95224313]
最小値:95.09730157059727
入力値:[5, 13, 27.04842949561975]
経過時間:73.22992300987244sec
num_evaluation of BBF = 15.0
 input
[[14, 48, -29.54741427280179], [12, 1, 22.633272447515218], [5, 13, -6.246848995015629], [19, 30, -7.562929115758525], [29, 93, 12.092906790715375], [5, 13, 27.04842949561975], [22, 91, 7.773061705129749], [22, 61, 15.901103738184766], [15, 80, -23.73252279923726], [3, 6, -0.5412198679713285], [5, 18, 30.0], [27, 16, 27.092032040138896], [10, 12, 26.49552569385731], [5, 39, 26.865101931950385], [4, 12, 26.733162350991634], [4, 10, 27.24976329496714], [5, 15, 26.821091708297388], [4, 14, 27.224780141946212], [13, 45, -29.240154318290468], [16, 48, -28.82394764185434], [5, 12, 26.700039684734705], [6, 12, 27.34150515658913], [6, 13, 27.596537901000126], [6, 12, 27.61232087441811], [12, 51, -30.0], [2, 16, 25.655197052006585], [3, 13, 23.844253357328448], [6, 9, 29.70822459857652], [0, 12, 25.471130735004948], [2, 19, 21.525902484153562]]
 output
 [ 96.45964942 103.87914834 100.32777651 100.03039939 100.2306479
  95.09730157  99.8365095  100.6481606  100.03551646  99.97638527
 103.78845927  99.39965684 103.11007756  99.2123013   95.95224313
  97.32991047  96.06276362  95.86657782  97.60035148 101.15854953
  95.52642773  94.72207092  94.74674454  94.62867862  99.22977602
  96.45589497  96.66809868  96.96932964  97.76524687  98.94052058]
最小値:94.62867862218519
入力値:[6, 12, 27.61232087441811]
経過時間:78.22224640846252sec
num_evaluation of BBF = 30.0
 input
[[14, 48, -29.54741427280179], [12, 1, 22.633272447515218], [5, 13, -6.246848995015629], [19, 30, -7.562929115758525], [29, 93, 12.092906790715375], [5, 13, 27.04842949561975], [22, 91, 7.773061705129749], [22, 61, 15.901103738184766], [15, 80, -23.73252279923726], [3, 6, -0.5412198679713285], [5, 18, 30.0], [27, 16, 27.092032040138896], [10, 12, 26.49552569385731], [5, 39, 26.865101931950385], [4, 12, 26.733162350991634], [4, 10, 27.24976329496714], [5, 15, 26.821091708297388], [4, 14, 27.224780141946212], [13, 45, -29.240154318290468], [16, 48, -28.82394764185434], [5, 12, 26.700039684734705], [6, 12, 27.34150515658913], [6, 13, 27.596537901000126], [6, 12, 27.61232087441811], [12, 51, -30.0], [2, 16, 25.655197052006585], [3, 13, 23.844253357328448], [6, 9, 29.70822459857652], [0, 12, 25.471130735004948], [2, 19, 21.525902484153562], [37, 2, -28.728960022568316], [1, 6, 19.525507832558347], [5, 15, 23.309090609108907], [13, 48, -0.645480369568812], [0, 16, 30.0], [0, 16, 2.9271206207652085], [39, 43, -27.402953856159744], [0, 95, 25.469311714307402], [6, 12, 30.0], [39, 71, -23.169014555505285], [0, 69, 20.408775369589698], [25, 74, -16.6266388136185], [39, 22, -16.01996202002623], [36, 22, -26.557171774220745], [33, 7, -22.337135596869143], [37, 25, -1.2444414171517053], [39, 18, -30.0], [32, 20, -30.0], [31, 20, -30.0], [33, 20, -30.0]]
 output
 [ 96.45964942 103.87914834 100.32777651 100.03039939 100.2306479
  95.09730157  99.8365095  100.6481606  100.03551646  99.97638527
 103.78845927  99.39965684 103.11007756  99.2123013   95.95224313
  97.32991047  96.06276362  95.86657782  97.60035148 101.15854953
  95.52642773  94.72207092  94.74674454  94.62867862  99.22977602
  96.45589497  96.66809868  96.96932964  97.76524687  98.94052058
 100.27269971 101.27472086  96.30090643  99.99807946  96.84974066
  99.85064837 101.10854505  99.66503199  93.77975646  99.51540831
  99.6272729  100.47351986  97.62256255  97.90891069  99.58702429
  99.91934963  98.89251286  91.65297168  95.11316414  95.90703168]
最小値:91.6529716817404
入力値:[32, 20, -30.0]
経過時間:104.34139442443848sec
num_evaluation of BBF = 50.0
 input
[[14, 48, -29.54741427280179], [12, 1, 22.633272447515218], [5, 13, -6.246848995015629], [19, 30, -7.562929115758525], [29, 93, 12.092906790715375], [5, 13, 27.04842949561975], [22, 91, 7.773061705129749], [22, 61, 15.901103738184766], [15, 80, -23.73252279923726], [3, 6, -0.5412198679713285], [5, 18, 30.0], [27, 16, 27.092032040138896], [10, 12, 26.49552569385731], [5, 39, 26.865101931950385], [4, 12, 26.733162350991634], [4, 10, 27.24976329496714], [5, 15, 26.821091708297388], [4, 14, 27.224780141946212], [13, 45, -29.240154318290468], [16, 48, -28.82394764185434], [5, 12, 26.700039684734705], [6, 12, 27.34150515658913], [6, 13, 27.596537901000126], [6, 12, 27.61232087441811], [12, 51, -30.0], [2, 16, 25.655197052006585], [3, 13, 23.844253357328448], [6, 9, 29.70822459857652], [0, 12, 25.471130735004948], [2, 19, 21.525902484153562], [37, 2, -28.728960022568316], [1, 6, 19.525507832558347], [5, 15, 23.309090609108907], [13, 48, -0.645480369568812], [0, 16, 30.0], [0, 16, 2.9271206207652085], [39, 43, -27.402953856159744], [0, 95, 25.469311714307402], [6, 12, 30.0], [39, 71, -23.169014555505285], [0, 69, 20.408775369589698], [25, 74, -16.6266388136185], [39, 22, -16.01996202002623], [36, 22, -26.557171774220745], [33, 7, -22.337135596869143], [37, 25, -1.2444414171517053], [39, 18, -30.0], [32, 20, -30.0], [31, 20, -30.0], [33, 20, -30.0], [32, 21, -30.0], [32, 19, -30.0], [32, 20, -26.104251783492106], [31, 16, -30.0], [32, 15, -30.0], [30, 15, -30.0], [31, 15, -25.62908090777275], [30, 16, -30.0], [30, 14, -30.0], [32, 40, -28.729316704505745], [29, 14, -30.0], [32, 23, -20.96067076836396], [29, 10, -30.0], [27, 10, -30.0], [28, 7, -30.0], [27, 8, -18.875270000649927], [26, 5, -30.0], [28, 10, -25.556455362128247], [27, 12, -21.64612064366389], [29, 8, -19.340889271116183], [28, 10, -30.0], [28, 11, -30.0], [28, 9, -30.0], [30, 62, -5.97966336686342], [24, 17, -30.0], [39, 95, -26.795241189051453], [39, 81, 30.0], [1, 44, 18.447125500462192], [27, 11, -11.8383979741911], [0, 86, -30.0], [7, 12, -30.0], [28, 9, -29.229872671758734], [11, 95, 28.592380354616772], [23, 67, 12.164675263272578], [33, 6, 30.0], [28, 9, -29.090107278063176], [28, 42, 29.717025499516048], [27, 41, 24.284675235073053], [29, 43, 30.0], [29, 40, 30.0], [28, 44, 30.0], [32, 17, -30.0], [29, 42, 22.740933974788092], [0, 8, 13.553124716779479], [39, 90, -16.583172806545853], [10, 37, 2.3714608977369807], [4, 5, -20.686582935449998], [37, 59, -14.473610726954982], [27, 3, 21.5911815886395], [38, 85, 5.551190613551533]]
 output
 [ 96.45964942 103.87914834 100.32777651 100.03039939 100.2306479
  95.09730157  99.8365095  100.6481606  100.03551646  99.97638527
 103.78845927  99.39965684 103.11007756  99.2123013   95.95224313
  97.32991047  96.06276362  95.86657782  97.60035148 101.15854953
  95.52642773  94.72207092  94.74674454  94.62867862  99.22977602
  96.45589497  96.66809868  96.96932964  97.76524687  98.94052058
 100.27269971 101.27472086  96.30090643  99.99807946  96.84974066
  99.85064837 101.10854505  99.66503199  93.77975646  99.51540831
  99.6272729  100.47351986  97.62256255  97.90891069  99.58702429
  99.91934963  98.89251286  91.65297168  95.11316414  95.90703168
  93.4146006   92.94144592  93.18172789  92.40552347  95.19677195
  92.22555024  96.38557269  95.23568885  94.0862973   99.73125808
  94.64982089  96.4575077   93.85921506  93.46543545  93.29213122
  95.74938832 100.17905915  92.5259909   95.18941119  98.98676935
  91.24406706  93.99271476  91.21881973  99.62471644  97.9028409
 100.57010925 100.28902943  99.42987243  99.45391917  99.65399288
  97.5558177   91.29281646 100.43083941 100.03101598 101.28251353
  91.30123265  93.81380022  98.93462404  93.55353101  98.53313332
  98.90442848  94.71274385 100.56326126 100.47587849  99.57964334
  99.99906285  99.89553679  99.80918424  99.62930509  99.92966961]
最小値:91.21881973290861
入力値:[28, 9, -30.0]
経過時間:269.82475090026855sec
num_evaluation of BBF = 100.0
 input
[[14, 48, -29.54741427280179], [12, 1, 22.633272447515218], [5, 13, -6.246848995015629], [19, 30, -7.562929115758525], [29, 93, 12.092906790715375], [5, 13, 27.04842949561975], [22, 91, 7.773061705129749], [22, 61, 15.901103738184766], [15, 80, -23.73252279923726], [3, 6, -0.5412198679713285], [5, 18, 30.0], [27, 16, 27.092032040138896], [10, 12, 26.49552569385731], [5, 39, 26.865101931950385], [4, 12, 26.733162350991634], [4, 10, 27.24976329496714], [5, 15, 26.821091708297388], [4, 14, 27.224780141946212], [13, 45, -29.240154318290468], [16, 48, -28.82394764185434], [5, 12, 26.700039684734705], [6, 12, 27.34150515658913], [6, 13, 27.596537901000126], [6, 12, 27.61232087441811], [12, 51, -30.0], [2, 16, 25.655197052006585], [3, 13, 23.844253357328448], [6, 9, 29.70822459857652], [0, 12, 25.471130735004948], [2, 19, 21.525902484153562], [37, 2, -28.728960022568316], [1, 6, 19.525507832558347], [5, 15, 23.309090609108907], [13, 48, -0.645480369568812], [0, 16, 30.0], [0, 16, 2.9271206207652085], [39, 43, -27.402953856159744], [0, 95, 25.469311714307402], [6, 12, 30.0], [39, 71, -23.169014555505285], [0, 69, 20.408775369589698], [25, 74, -16.6266388136185], [39, 22, -16.01996202002623], [36, 22, -26.557171774220745], [33, 7, -22.337135596869143], [37, 25, -1.2444414171517053], [39, 18, -30.0], [32, 20, -30.0], [31, 20, -30.0], [33, 20, -30.0], [32, 21, -30.0], [32, 19, -30.0], [32, 20, -26.104251783492106], [31, 16, -30.0], [32, 15, -30.0], [30, 15, -30.0], [31, 15, -25.62908090777275], [30, 16, -30.0], [30, 14, -30.0], [32, 40, -28.729316704505745], [29, 14, -30.0], [32, 23, -20.96067076836396], [29, 10, -30.0], [27, 10, -30.0], [28, 7, -30.0], [27, 8, -18.875270000649927], [26, 5, -30.0], [28, 10, -25.556455362128247], [27, 12, -21.64612064366389], [29, 8, -19.340889271116183], [28, 10, -30.0], [28, 11, -30.0], [28, 9, -30.0], [30, 62, -5.97966336686342], [24, 17, -30.0], [39, 95, -26.795241189051453], [39, 81, 30.0], [1, 44, 18.447125500462192], [27, 11, -11.8383979741911], [0, 86, -30.0], [7, 12, -30.0], [28, 9, -29.229872671758734], [11, 95, 28.592380354616772], [23, 67, 12.164675263272578], [33, 6, 30.0], [28, 9, -29.090107278063176], [28, 42, 29.717025499516048], [27, 41, 24.284675235073053], [29, 43, 30.0], [29, 40, 30.0], [28, 44, 30.0], [32, 17, -30.0], [29, 42, 22.740933974788092], [0, 8, 13.553124716779479], [39, 90, -16.583172806545853], [10, 37, 2.3714608977369807], [4, 5, -20.686582935449998], [37, 59, -14.473610726954982], [27, 3, 21.5911815886395], [38, 85, 5.551190613551533], [28, 45, -13.243474058277911], [18, 4, 30.0], [29, 46, -30.0], [28, 45, -8.642598461575695], [28, 10, -29.92034111593601], [19, 43, -0.054834717318971826], [34, 57, 20.38293078911424], [3, 84, -11.647673371602092], [23, 85, -10.036477799848658], [38, 90, -24.96012482433097], [17, 53, 14.48073006921387], [11, 57, -28.950343688361478], [28, 45, -16.73790286721112], [0, 63, -28.645387681109437], [4, 61, -11.605053549396548], [25, 11, 8.527232368089614], [10, 62, 4.350696726290003], [5, 59, 27.803027115348563], [16, 58, 0.41584094793408255], [12, 64, -1.09371438014416], [26, 45, 1.6367634001313824], [12, 31, -15.764501615876474], [7, 92, 3.991416845925464], [28, 21, -30.0], [8, 44, 12.015503795386238], [14, 82, 19.427921867543816], [33, 7, 13.927699648631659], [14, 86, 29.669877764184477], [28, 49, 16.871116767032255], [35, 50, 23.58397572859291], [24, 65, 10.471883080097086], [28, 71, -29.81383033351069], [37, 34, 17.347233671469624], [21, 29, 19.272429816826516], [16, 47, 24.89023375275945], [7, 30, 3.4675592467427734], [30, 66, 14.893293376549423], [28, 88, -5.480035538076123], [39, 46, 26.107352044507593], [29, 0, -30.0], [18, 89, 1.9690113440442722], [27, 88, -7.359517753237107], [17, 68, 17.88181731049631], [32, 19, 23.914531685729884], [18, 37, 27.307731709566582], [10, 49, -21.46987650367516], [25, 87, -26.920491342859783], [16, 64, 0.3676556249601006], [29, 9, -30.0], [31, 26, -30.0]]
 output
 [ 96.45964942 103.87914834 100.32777651 100.03039939 100.2306479
  95.09730157  99.8365095  100.6481606  100.03551646  99.97638527
 103.78845927  99.39965684 103.11007756  99.2123013   95.95224313
  97.32991047  96.06276362  95.86657782  97.60035148 101.15854953
  95.52642773  94.72207092  94.74674454  94.62867862  99.22977602
  96.45589497  96.66809868  96.96932964  97.76524687  98.94052058
 100.27269971 101.27472086  96.30090643  99.99807946  96.84974066
  99.85064837 101.10854505  99.66503199  93.77975646  99.51540831
  99.6272729  100.47351986  97.62256255  97.90891069  99.58702429
  99.91934963  98.89251286  91.65297168  95.11316414  95.90703168
  93.4146006   92.94144592  93.18172789  92.40552347  95.19677195
  92.22555024  96.38557269  95.23568885  94.0862973   99.73125808
  94.64982089  96.4575077   93.85921506  93.46543545  93.29213122
  95.74938832 100.17905915  92.5259909   95.18941119  98.98676935
  91.24406706  93.99271476  91.21881973  99.62471644  97.9028409
 100.57010925 100.28902943  99.42987243  99.45391917  99.65399288
  97.5558177   91.29281646 100.43083941 100.03101598 101.28251353
  91.30123265  93.81380022  98.93462404  93.55353101  98.53313332
  98.90442848  94.71274385 100.56326126 100.47587849  99.57964334
  99.99906285  99.89553679  99.80918424  99.62930509  99.92966961
  92.6903347   98.83042607 100.2325733   96.30895895  91.28167496
 100.00241458 100.3768828  100.30007933 100.0814879   99.18002822
  99.62633731  99.37117292  97.77948095  99.51670715  99.53833919
 100.13390677  99.85050747  99.43894549 100.0129047   99.92536601
 100.00652332  99.43848591  99.96088698  96.26148306 100.00286838
 100.26318907 100.27798111 100.12059054  99.92136543  99.47558356
  99.97499865 100.49666199 101.24212027  99.17890244 100.07113755
  99.87466827 100.39050102 100.17106314  98.54865481  97.84080824
  99.99712124 100.14423209 100.41417539  98.42724355 100.17961552
  99.44600074 100.05113169  99.98675741  95.6170077  100.22860812]
最小値:91.21881973290861
入力値:[28, 9, -30.0]
経過時間:295.3959665298462sec
num_evaluation of BBF = 150.0
 input
[[14, 48, -29.54741427280179], [12, 1, 22.633272447515218], [5, 13, -6.246848995015629], [19, 30, -7.562929115758525], [29, 93, 12.092906790715375], [5, 13, 27.04842949561975], [22, 91, 7.773061705129749], [22, 61, 15.901103738184766], [15, 80, -23.73252279923726], [3, 6, -0.5412198679713285], [5, 18, 30.0], [27, 16, 27.092032040138896], [10, 12, 26.49552569385731], [5, 39, 26.865101931950385], [4, 12, 26.733162350991634], [4, 10, 27.24976329496714], [5, 15, 26.821091708297388], [4, 14, 27.224780141946212], [13, 45, -29.240154318290468], [16, 48, -28.82394764185434], [5, 12, 26.700039684734705], [6, 12, 27.34150515658913], [6, 13, 27.596537901000126], [6, 12, 27.61232087441811], [12, 51, -30.0], [2, 16, 25.655197052006585], [3, 13, 23.844253357328448], [6, 9, 29.70822459857652], [0, 12, 25.471130735004948], [2, 19, 21.525902484153562], [37, 2, -28.728960022568316], [1, 6, 19.525507832558347], [5, 15, 23.309090609108907], [13, 48, -0.645480369568812], [0, 16, 30.0], [0, 16, 2.9271206207652085], [39, 43, -27.402953856159744], [0, 95, 25.469311714307402], [6, 12, 30.0], [39, 71, -23.169014555505285], [0, 69, 20.408775369589698], [25, 74, -16.6266388136185], [39, 22, -16.01996202002623], [36, 22, -26.557171774220745], [33, 7, -22.337135596869143], [37, 25, -1.2444414171517053], [39, 18, -30.0], [32, 20, -30.0], [31, 20, -30.0], [33, 20, -30.0], [32, 21, -30.0], [32, 19, -30.0], [32, 20, -26.104251783492106], [31, 16, -30.0], [32, 15, -30.0], [30, 15, -30.0], [31, 15, -25.62908090777275], [30, 16, -30.0], [30, 14, -30.0], [32, 40, -28.729316704505745], [29, 14, -30.0], [32, 23, -20.96067076836396], [29, 10, -30.0], [27, 10, -30.0], [28, 7, -30.0], [27, 8, -18.875270000649927], [26, 5, -30.0], [28, 10, -25.556455362128247], [27, 12, -21.64612064366389], [29, 8, -19.340889271116183], [28, 10, -30.0], [28, 11, -30.0], [28, 9, -30.0], [30, 62, -5.97966336686342], [24, 17, -30.0], [39, 95, -26.795241189051453], [39, 81, 30.0], [1, 44, 18.447125500462192], [27, 11, -11.8383979741911], [0, 86, -30.0], [7, 12, -30.0], [28, 9, -29.229872671758734], [11, 95, 28.592380354616772], [23, 67, 12.164675263272578], [33, 6, 30.0], [28, 9, -29.090107278063176], [28, 42, 29.717025499516048], [27, 41, 24.284675235073053], [29, 43, 30.0], [29, 40, 30.0], [28, 44, 30.0], [32, 17, -30.0], [29, 42, 22.740933974788092], [0, 8, 13.553124716779479], [39, 90, -16.583172806545853], [10, 37, 2.3714608977369807], [4, 5, -20.686582935449998], [37, 59, -14.473610726954982], [27, 3, 21.5911815886395], [38, 85, 5.551190613551533], [28, 45, -13.243474058277911], [18, 4, 30.0], [29, 46, -30.0], [28, 45, -8.642598461575695], [28, 10, -29.92034111593601], [19, 43, -0.054834717318971826], [34, 57, 20.38293078911424], [3, 84, -11.647673371602092], [23, 85, -10.036477799848658], [38, 90, -24.96012482433097], [17, 53, 14.48073006921387], [11, 57, -28.950343688361478], [28, 45, -16.73790286721112], [0, 63, -28.645387681109437], [4, 61, -11.605053549396548], [25, 11, 8.527232368089614], [10, 62, 4.350696726290003], [5, 59, 27.803027115348563], [16, 58, 0.41584094793408255], [12, 64, -1.09371438014416], [26, 45, 1.6367634001313824], [12, 31, -15.764501615876474], [7, 92, 3.991416845925464], [28, 21, -30.0], [8, 44, 12.015503795386238], [14, 82, 19.427921867543816], [33, 7, 13.927699648631659], [14, 86, 29.669877764184477], [28, 49, 16.871116767032255], [35, 50, 23.58397572859291], [24, 65, 10.471883080097086], [28, 71, -29.81383033351069], [37, 34, 17.347233671469624], [21, 29, 19.272429816826516], [16, 47, 24.89023375275945], [7, 30, 3.4675592467427734], [30, 66, 14.893293376549423], [28, 88, -5.480035538076123], [39, 46, 26.107352044507593], [29, 0, -30.0], [18, 89, 1.9690113440442722], [27, 88, -7.359517753237107], [17, 68, 17.88181731049631], [32, 19, 23.914531685729884], [18, 37, 27.307731709566582], [10, 49, -21.46987650367516], [25, 87, -26.920491342859783], [16, 64, 0.3676556249601006], [29, 9, -30.0], [31, 26, -30.0], [28, 45, -13.243474058277911], [19, 9, -27.667151340193527], [12, 14, 1.77726931358713], [3, 29, -27.67025988494482], [2, 64, -13.431680508954582], [19, 94, 6.853787569270359], [36, 43, -11.950809760728863], [35, 78, 17.543812115460646], [20, 61, 26.08485426902451], [28, 27, 22.576112687437067], [25, 56, -11.219995845655244], [22, 53, 18.460869671891828], [9, 57, -25.528587808945137], [8, 31, -4.843192624746273], [8, 66, 20.31033068185898], [29, 21, -9.42667990242856], [27, 11, -30.0], [26, 11, -30.0], [25, 11, -30.0], [1, 39, -28.998494457675395], [13, 96, -29.473390770893687], [39, 94, 27.758753092216118], [0, 78, 28.926227849120636], [12, 22, -28.39745231154167], [1, 75, -27.06012728773084], [16, 0, -16.758942754392894], [39, 66, 29.941105517654044], [1, 95, -28.588500829066234], [1, 20, -29.713728574753713], [0, 29, 29.53978065081617], [38, 81, -29.663188722769135], [0, 52, -6.558782236684962], [20, 37, -29.11201727681513], [14, 69, -29.44848567076793], [38, 0, 3.018369514716717], [25, 78, 29.24581717288242], [39, 16, 10.022776147783858], [39, 33, -16.730167564629653], [39, 26, 29.04974427776915], [39, 51, -10.309629661749081], [26, 96, -26.890256644871616], [0, 52, 23.318369006664653], [1, 0, -29.28757135392555], [20, 21, 2.8022898612309106], [1, 75, -1.1087478083261537], [0, 88, 29.77347443715444], [0, 51, -28.63505449278645], [25, 61, -29.821580468444882], [25, 96, 28.030162496151917], [0, 25, -8.538669485230542]]
 output
 [ 96.45964942 103.87914834 100.32777651 100.03039939 100.2306479
  95.09730157  99.8365095  100.6481606  100.03551646  99.97638527
 103.78845927  99.39965684 103.11007756  99.2123013   95.95224313
  97.32991047  96.06276362  95.86657782  97.60035148 101.15854953
  95.52642773  94.72207092  94.74674454  94.62867862  99.22977602
  96.45589497  96.66809868  96.96932964  97.76524687  98.94052058
 100.27269971 101.27472086  96.30090643  99.99807946  96.84974066
  99.85064837 101.10854505  99.66503199  93.77975646  99.51540831
  99.6272729  100.47351986  97.62256255  97.90891069  99.58702429
  99.91934963  98.89251286  91.65297168  95.11316414  95.90703168
  93.4146006   92.94144592  93.18172789  92.40552347  95.19677195
  92.22555024  96.38557269  95.23568885  94.0862973   99.73125808
  94.64982089  96.4575077   93.85921506  93.46543545  93.29213122
  95.74938832 100.17905915  92.5259909   95.18941119  98.98676935
  91.24406706  93.99271476  91.21881973  99.62471644  97.9028409
 100.57010925 100.28902943  99.42987243  99.45391917  99.65399288
  97.5558177   91.29281646 100.43083941 100.03101598 101.28251353
  91.30123265  93.81380022  98.93462404  93.55353101  98.53313332
  98.90442848  94.71274385 100.56326126 100.47587849  99.57964334
  99.99906285  99.89553679  99.80918424  99.62930509  99.92966961
  92.6903347   98.83042607 100.2325733   96.30895895  91.28167496
 100.00241458 100.3768828  100.30007933 100.0814879   99.18002822
  99.62633731  99.37117292  97.77948095  99.51670715  99.53833919
 100.13390677  99.85050747  99.43894549 100.0129047   99.92536601
 100.00652332  99.43848591  99.96088698  96.26148306 100.00286838
 100.26318907 100.27798111 100.12059054  99.92136543  99.47558356
  99.97499865 100.49666199 101.24212027  99.17890244 100.07113755
  99.87466827 100.39050102 100.17106314  98.54865481  97.84080824
  99.99712124 100.14423209 100.41417539  98.42724355 100.17961552
  99.44600074 100.05113169  99.98675741  95.6170077  100.22860812
  92.6903347   97.93376683  99.88731052  97.74664191  99.47431431
 100.01364492  98.05435707  99.77881063 100.48773092  98.96197108
 100.25437837 100.18778933 100.26699413  99.91493875 101.10742497
  95.16634736  91.60804805  90.68707492  79.90934918 101.1732478
 100.12756521  99.56470785 100.12986757 100.96387851  99.66003604
 101.71166452 100.1756309  100.56452362  98.12210569  99.40616906
  99.60966499  99.44635735  99.53491917 100.48183636 100.11563503
  99.32234241  99.32207731 101.00939658  97.95042497 100.92270905
  99.93749308 100.56306353  99.43565074 100.01226462  99.99349179
 101.36069059 100.57434588 100.40153152 100.01005763  99.56233358]
最小値:79.9093491773465
入力値:[25, 11, -30.0]
経過時間:322.5007755756378sec
num_evaluation of BBF = 200.0